datetime (UTC),"coordinates (lat,lon)",temperature (degC),relative_humidity (0-1),wind_speed (m/s),surface_pressure (Pa),total_precipitation (mm of water equivalent),snowfall (mm of water equivalent),snow_depth (mm of water equivalent),absolute_humidity (g/m^3),rainfall (mm)
3/7/2024 9:00,"(42.089797, -76.807734)",2.83,0.92,4.56,96661.99,0.0,0.0,0.0,5.410047350428761,0.0
3/7/2024 10:00,"(42.089797, -76.807734)",3.15,0.91,4.14,96727.75,0.0,0.0,0.0,5.467699271432568,0.0
3/7/2024 11:00,"(42.089797, -76.807734)",3.38,0.9,4.0,96769.72,0.0,0.0,0.0,5.491747556939063,0.0
3/7/2024 12:00,"(42.089797, -76.807734)",4.5,0.85,4.05,96811.59,0.0,0.0,0.0,5.589240110209809,0.0
3/7/2024 13:00,"(42.089797, -76.807734)",5.53,0.79,4.03,96809.62,0.0,0.0,0.0,5.560976363570061,0.0
3/7/2024 14:00,"(42.089797, -76.807734)",6.64,0.74,3.97,96787.7,0.0,0.0,0.0,5.602235363176514,0.0
3/7/2024 15:00,"(42.089797, -76.807734)",7.98,0.68,3.91,96819.56,0.0,0.0,0.0,5.615746389580141,0.0
3/7/2024 16:00,"(42.089797, -76.807734)",8.38,0.65,3.79,96823.6,0.0,0.0,0.0,5.508144829291771,0.0
3/7/2024 17:00,"(42.089797, -76.807734)",7.73,0.64,2.55,96882.75,0.0,0.0,0.0,5.200724529867836,0.0
3/7/2024 18:00,"(42.089797, -76.807734)",6.19,0.7,2.69,96948.02,0.0,0.0,0.0,5.145761854006682,0.0
3/7/2024 19:00,"(42.089797, -76.807734)",4.74,0.75,3.14,97011.41,0.0,0.0,0.0,5.010864000953683,0.0
3/7/2024 20:00,"(42.089797, -76.807734)",3.67,0.79,3.05,97095.56,0.0,0.0,0.0,4.915080907325237,0.0
3/7/2024 21:00,"(42.089797, -76.807734)",2.19,0.85,2.66,97141.3,0.0,0.0,0.0,4.786925644423084,0.0
3/7/2024 22:00,"(42.089797, -76.807734)",1.59,0.88,2.38,97155.74,0.0,0.0,0.0,4.758021910118988,0.0
3/7/2024 23:00,"(42.089797, -76.807734)",1.09,0.9,2.05,97177.05,0.0,0.0,0.0,4.702976833739945,0.0
3/8/2024 0:00,"(42.089797, -76.807734)",-0.32,0.93,1.65,97168.6,0.0,0.0,0.0,4.41063412826436,0.0
3/8/2024 1:00,"(42.089797, -76.807734)",-1.24,0.93,1.27,97200.48,0.0,0.0,0.0,4.137626596389766,0.0
3/8/2024 2:00,"(42.089797, -76.807734)",-0.36,0.91,0.71,97212.18,0.0,0.0,0.0,4.303853326300697,0.0
3/8/2024 3:00,"(42.089797, -76.807734)",-1.7,0.92,1.13,97201.41,0.0,0.0,0.0,3.9636912455661353,0.0
3/8/2024 4:00,"(42.089797, -76.807734)",-1.25,0.91,1.29,97204.55,0.0,0.0,0.0,4.045823375207142,0.0
3/8/2024 5:00,"(42.089797, -76.807734)",-1.73,0.93,1.53,97285.47,0.0,0.0,0.0,3.998368748567141,0.0
3/8/2024 6:00,"(42.089797, -76.807734)",-1.74,0.94,1.44,97325.28,0.0,0.0,0.0,4.038533281099031,0.0
3/8/2024 7:00,"(42.089797, -76.807734)",-1.49,0.95,2.08,97334.52,0.0,0.0,0.0,4.15349550575619,0.0
3/8/2024 8:00,"(42.089797, -76.807734)",-0.01,0.89,1.9,97350.44,0.0,0.0,0.0,4.312309438976703,0.0
3/8/2024 9:00,"(42.089797, -76.807734)",2.97,0.75,2.26,97374.53,0.0,0.0,0.0,4.452133824380919,0.0
3/8/2024 10:00,"(42.089797, -76.807734)",4.82,0.63,2.51,97327.21,0.0,0.0,0.0,4.231503087468107,0.0
3/8/2024 11:00,"(42.089797, -76.807734)",6.77,0.55,2.83,97338.64,0.0,0.0,0.0,4.199280291821483,0.0
3/8/2024 12:00,"(42.089797, -76.807734)",9.8,0.45,2.9,97269.34,0.0,0.0,0.0,4.175844380013647,0.0
3/8/2024 13:00,"(42.089797, -76.807734)",11.14,0.4,2.88,97221.2,0.0,0.0,0.0,4.040078283672443,0.0
3/8/2024 14:00,"(42.089797, -76.807734)",12.38,0.36,3.23,97143.77,0.0,0.0,0.0,3.9294009427561143,0.0
3/8/2024 15:00,"(42.089797, -76.807734)",13.17,0.34,3.58,97053.22,0.0,0.0,0.0,3.897552612976936,0.0
3/8/2024 16:00,"(42.089797, -76.807734)",13.12,0.33,4.01,97017.84,0.0,0.0,0.0,3.7712354472909833,0.0
3/8/2024 17:00,"(42.089797, -76.807734)",11.77,0.36,3.16,96992.32,0.0,0.0,0.0,3.78262870596783,0.0
3/8/2024 18:00,"(42.089797, -76.807734)",10.22,0.42,3.79,96960.6,0.0,0.0,0.0,4.002748904467833,0.0
3/8/2024 19:00,"(42.089797, -76.807734)",9.35,0.47,4.15,96912.5,0.0,0.0,0.0,4.238195670661529,0.0
3/8/2024 20:00,"(42.089797, -76.807734)",8.53,0.51,4.68,96990.13,0.0,0.0,0.0,4.363652741097341,0.0
3/8/2024 21:00,"(42.089797, -76.807734)",8.34,0.53,5.12,97031.4,0.0,0.0,0.0,4.479712935262622,0.0
3/8/2024 22:00,"(42.089797, -76.807734)",8.15,0.53,4.9,96937.21,0.0,0.0,0.0,4.42523323923784,0.0
3/8/2024 23:00,"(42.089797, -76.807734)",8.02,0.54,5.08,96902.96,0.0,0.0,0.0,4.471089266011468,0.0
3/9/2024 0:00,"(42.089797, -76.807734)",7.38,0.58,5.26,96862.99,0.0,0.0,0.0,4.60751646959109,0.0
3/9/2024 1:00,"(42.089797, -76.807734)",6.93,0.62,5.61,96841.15,0.0,0.0,0.0,4.783334784858196,0.0
3/9/2024 2:00,"(42.089797, -76.807734)",6.42,0.61,5.79,96821.9,0.0,0.0,0.0,4.552169384476146,0.0
3/9/2024 3:00,"(42.089797, -76.807734)",5.84,0.55,5.87,96735.52,0.0,0.0,0.0,3.9513256506745935,0.0
3/9/2024 4:00,"(42.089797, -76.807734)",5.47,0.49,6.04,96681.95,0.0,0.0,0.0,3.4356055753674966,0.0
3/9/2024 5:00,"(42.089797, -76.807734)",4.72,0.5,5.75,96607.65,0.03,0.01,0.0,3.3361489041167163,0.019999999999999997
3/9/2024 6:00,"(42.089797, -76.807734)",4.31,0.55,5.75,96511.41,0.12,0.09,0.0,3.5711683974141795,0.03
3/9/2024 7:00,"(42.089797, -76.807734)",4.09,0.61,6.03,96462.17,0.17,0.11,0.0,3.9031401291722325,0.06000000000000001
3/9/2024 8:00,"(42.089797, -76.807734)",3.97,0.68,6.28,96363.17,0.16,0.04,0.0,4.316357203938433,0.12
3/9/2024 9:00,"(42.089797, -76.807734)",4.69,0.7,6.53,96284.17,0.11,0.0,0.0,4.661325026255031,0.11
3/9/2024 10:00,"(42.089797, -76.807734)",5.34,0.67,6.61,96206.22,0.04,0.0,0.0,4.657570925247015,0.04
3/9/2024 11:00,"(42.089797, -76.807734)",6.04,0.67,6.81,96140.99,0.04,0.0,0.0,4.8770419778674166,0.04
3/9/2024 12:00,"(42.089797, -76.807734)",5.56,0.78,6.36,96054.64,0.46,0.0,0.0,5.501442885690665,0.46
3/9/2024 13:00,"(42.089797, -76.807734)",5.14,0.87,5.84,95973.63,0.52,0.0,0.0,5.968553063817909,0.52
3/9/2024 14:00,"(42.089797, -76.807734)",4.78,0.91,5.75,95931.42,1.93,0.0,0.0,6.09599099697028,1.93
3/9/2024 15:00,"(42.089797, -76.807734)",4.73,0.91,5.32,95842.29,2.14,0.0,0.0,6.075818495755602,2.14
3/9/2024 16:00,"(42.089797, -76.807734)",4.63,0.91,4.62,95726.5,1.85,0.0,0.0,6.03564848633176,1.85
3/9/2024 17:00,"(42.089797, -76.807734)",3.95,0.92,4.55,95616.26,1.3,0.0,0.0,5.831988329273664,1.3
3/9/2024 18:00,"(42.089797, -76.807734)",3.93,0.92,4.6,95499.72,1.45,0.0,0.0,5.824208353764272,1.45
3/9/2024 19:00,"(42.089797, -76.807734)",4.04,0.92,4.41,95415.8,1.95,0.0,0.0,5.86711082206997,1.95
3/9/2024 20:00,"(42.089797, -76.807734)",4.03,0.93,4.2,95319.43,1.81,0.0,0.0,5.9269296348791425,1.81
3/9/2024 21:00,"(42.089797, -76.807734)",3.86,0.93,3.07,95247.8,1.77,0.0,0.0,5.8600612963003025,1.77
3/9/2024 22:00,"(42.089797, -76.807734)",3.68,0.94,1.7,95160.46,2.13,0.0,0.0,5.852237578152341,2.13
3/9/2024 23:00,"(42.089797, -76.807734)",3.58,0.94,0.79,95085.39,2.11,0.0,0.0,5.813205875786749,2.11
3/10/2024 0:00,"(42.089797, -76.807734)",3.45,0.94,0.33,95026.22,0.99,0.0,0.0,5.762805294523626,0.99
3/10/2024 1:00,"(42.089797, -76.807734)",3.67,0.93,1.52,94965.09,0.6,0.0,0.0,5.786107903560088,0.6
3/10/2024 3:00,"(42.089797, -76.807734)",3.66,0.94,3.0,94926.73,0.31,0.0,0.0,5.844412946756227,0.31
3/10/2024 4:00,"(42.089797, -76.807734)",3.08,0.94,4.1,94887.77,0.13,0.0,0.0,5.621444335532264,0.13
3/10/2024 5:00,"(42.089797, -76.807734)",2.56,0.93,4.19,94855.26,0.06,0.0,0.0,5.370164446995708,0.06
3/10/2024 6:00,"(42.089797, -76.807734)",2.69,0.87,3.44,94931.0,0.03,0.0,0.0,5.06796926117601,0.03
3/10/2024 7:00,"(42.089797, -76.807734)",2.84,0.86,3.11,94903.88,0.03,0.0,0.0,5.060626172956725,0.03
3/10/2024 8:00,"(42.089797, -76.807734)",2.82,0.86,3.17,94866.36,0.04,0.0,0.0,5.053812187236851,0.04
3/10/2024 9:00,"(42.089797, -76.807734)",2.85,0.84,3.12,94878.97,0.09,0.01,0.0,4.946267897629038,0.08
3/10/2024 10:00,"(42.089797, -76.807734)",3.01,0.73,3.7,94856.88,0.09,0.02,0.0,4.345087784048088,0.06999999999999999
3/10/2024 11:00,"(42.089797, -76.807734)",3.38,0.66,4.38,94866.76,0.06,0.01,0.0,4.027281541755313,0.049999999999999996
3/10/2024 12:00,"(42.089797, -76.807734)",3.43,0.6,4.98,94830.53,0.07,0.01,0.0,3.6734587630481945,0.060000000000000005
3/10/2024 13:00,"(42.089797, -76.807734)",3.09,0.62,5.38,94791.32,0.11,0.01,0.0,3.710254537068173,0.1
3/10/2024 14:00,"(42.089797, -76.807734)",3.24,0.65,5.24,94722.19,0.1,0.0,0.0,3.929178435825039,0.1
3/10/2024 15:00,"(42.089797, -76.807734)",1.93,0.68,6.23,94694.62,0.68,0.42,0.0,3.7626189491942386,0.26000000000000006
3/10/2024 16:00,"(42.089797, -76.807734)",1.06,0.72,6.98,94771.24,0.38,0.25,0.0,3.7546722525589575,0.13
3/10/2024 17:00,"(42.089797, -76.807734)",1.1,0.72,6.45,94808.83,0.12,0.07,0.0,3.7649542868558212,0.04999999999999999
3/10/2024 18:00,"(42.089797, -76.807734)",-0.31,0.74,6.7,94927.39,0.06,0.05,0.0,3.511965532105831,0.009999999999999995
3/10/2024 19:00,"(42.089797, -76.807734)",-1.23,0.78,6.01,94968.84,0.03,0.03,0.0,3.4726878100916965,0.0
3/10/2024 20:00,"(42.089797, -76.807734)",-1.58,0.75,5.83,95012.17,0.03,0.03,0.0,3.2585118503500086,0.0
3/10/2024 21:00,"(42.089797, -76.807734)",-2.05,0.73,6.47,95061.46,0.05,0.05,0.0,3.0688753557133652,0.0
3/10/2024 22:00,"(42.089797, -76.807734)",-1.85,0.71,7.0,95156.23,0.07,0.07,0.0,3.02696597030083,0.0
3/10/2024 23:00,"(42.089797, -76.807734)",-1.68,0.68,7.32,95196.77,0.08,0.08,0.0,2.933788733518272,0.0
3/11/2024 0:00,"(42.089797, -76.807734)",-1.65,0.71,8.08,95237.59,0.1,0.1,0.0,3.069657907596263,0.0
3/11/2024 1:00,"(42.089797, -76.807734)",-1.4,0.71,7.15,95298.06,0.12,0.12,0.0,3.1237660269286334,0.0
3/11/2024 2:00,"(42.089797, -76.807734)",-1.34,0.72,6.99,95352.76,0.13,0.13,0.0,3.181057295797757,0.0
3/11/2024 3:00,"(42.089797, -76.807734)",-1.23,0.73,7.07,95397.19,0.16,0.15,0.0,3.2500796171371,0.010000000000000009
3/11/2024 4:00,"(42.089797, -76.807734)",-0.74,0.71,7.4,95444.71,0.1,0.09,0.0,3.2706564827983993,0.010000000000000009
3/11/2024 5:00,"(42.089797, -76.807734)",-0.84,0.68,6.4,95481.71,0.04,0.04,0.0,3.110777685578097,0.0
3/11/2024 6:00,"(42.089797, -76.807734)",-0.81,0.61,7.27,95570.61,0.03,0.02,0.0,2.796373143074048,0.009999999999999998
3/11/2024 7:00,"(42.089797, -76.807734)",-0.92,0.61,7.37,95689.9,0.02,0.01,0.0,2.7750757155195362,0.01
3/11/2024 8:00,"(42.089797, -76.807734)",-0.99,0.6,6.9,95779.28,0.01,0.01,0.0,2.7163249914029017,0.0
3/11/2024 9:00,"(42.089797, -76.807734)",-0.67,0.57,8.28,95881.37,0.0,0.0,0.0,2.63852663717931,0.0
3/11/2024 10:00,"(42.089797, -76.807734)",0.92,0.52,8.77,95944.5,0.0,0.0,0.0,2.685856855956507,0.0
3/11/2024 11:00,"(42.089797, -76.807734)",2.14,0.46,8.47,96025.91,0.0,0.0,0.0,2.581811297773133,0.0
3/11/2024 12:00,"(42.089797, -76.807734)",3.25,0.41,8.24,96020.57,0.0,0.0,0.0,2.4800692922954437,0.0
3/11/2024 13:00,"(42.089797, -76.807734)",4.71,0.37,8.2,96052.29,0.0,0.0,0.0,2.4671135870484373,0.0
3/11/2024 14:00,"(42.089797, -76.807734)",5.54,0.34,7.99,96033.87,0.0,0.0,0.0,2.394908441200368,0.0
3/11/2024 15:00,"(42.089797, -76.807734)",6.15,0.33,7.6,96023.71,0.0,0.0,0.0,2.4195101560468335,0.0
3/11/2024 16:00,"(42.089797, -76.807734)",6.46,0.34,7.41,96062.4,0.0,0.0,0.0,2.5439178355603236,0.0
3/11/2024 17:00,"(42.089797, -76.807734)",6.2,0.36,6.96,96103.37,0.0,0.0,0.0,2.6481258347645564,0.0
3/11/2024 18:00,"(42.089797, -76.807734)",4.92,0.42,4.68,96107.46,0.0,0.0,0.0,2.8397472875636005,0.0
3/11/2024 19:00,"(42.089797, -76.807734)",4.12,0.44,4.57,96128.42,0.0,0.0,0.0,2.821015036595511,0.0
3/11/2024 20:00,"(42.089797, -76.807734)",3.62,0.45,4.77,96223.55,0.0,0.0,0.0,2.7903787364760415,0.0
3/11/2024 21:00,"(42.089797, -76.807734)",3.17,0.46,4.55,96261.92,0.0,0.0,0.0,2.7676081512808075,0.0
3/11/2024 22:00,"(42.089797, -76.807734)",2.56,0.48,4.21,96232.79,0.0,0.0,0.0,2.771697779094559,0.0
3/11/2024 23:00,"(42.089797, -76.807734)",2.54,0.46,4.42,96258.18,0.0,0.0,0.0,2.652625451654405,0.0
3/12/2024 0:00,"(42.089797, -76.807734)",2.59,0.46,4.18,96240.54,0.01,0.0,0.0,2.661595706006599,0.01
3/12/2024 1:00,"(42.089797, -76.807734)",3.09,0.46,3.55,96162.6,0.0,0.0,0.0,2.7527694952441286,0.0
3/12/2024 2:00,"(42.089797, -76.807734)",3.26,0.48,3.23,96082.59,0.0,0.0,0.0,2.9054455062404623,0.0
3/12/2024 3:00,"(42.089797, -76.807734)",3.64,0.49,3.45,95982.54,0.0,0.0,0.0,3.0424816598192983,0.0
3/12/2024 4:00,"(42.089797, -76.807734)",3.46,0.54,3.64,95946.2,0.0,0.0,0.0,3.312767091626491,0.0
3/12/2024 5:00,"(42.089797, -76.807734)",3.74,0.58,3.55,95930.23,0.0,0.0,0.0,3.6254729405298827,0.0
3/12/2024 6:00,"(42.089797, -76.807734)",2.46,0.67,3.6,95948.97,0.0,0.0,0.0,3.8427822377156944,0.0
3/12/2024 7:00,"(42.089797, -76.807734)",2.18,0.7,3.18,95999.32,0.0,0.0,0.0,3.9395047389931785,0.0
3/12/2024 8:00,"(42.089797, -76.807734)",2.02,0.73,3.04,96072.04,0.0,0.0,0.0,4.064025116733911,0.0
3/12/2024 9:00,"(42.089797, -76.807734)",4.61,0.67,2.76,96088.59,0.0,0.0,0.0,4.437934518624713,0.0
3/12/2024 10:00,"(42.089797, -76.807734)",8.62,0.57,3.26,96088.27,0.0,0.0,0.0,4.905295581601064,0.0
3/12/2024 11:00,"(42.089797, -76.807734)",10.38,0.53,3.34,96120.0,0.0,0.0,0.0,5.102521238385782,0.0
3/12/2024 12:00,"(42.089797, -76.807734)",11.76,0.48,3.32,96103.12,0.0,0.0,0.0,5.040350491494464,0.0
3/12/2024 13:00,"(42.089797, -76.807734)",13.68,0.42,3.64,96088.44,0.0,0.0,0.0,4.968593685341375,0.0
3/12/2024 14:00,"(42.089797, -76.807734)",14.96,0.37,3.85,96034.52,0.0,0.0,0.0,4.734230399936402,0.0
3/12/2024 15:00,"(42.089797, -76.807734)",15.58,0.34,3.9,95995.08,0.0,0.0,0.0,4.517513992056323,0.0
3/12/2024 16:00,"(42.089797, -76.807734)",16.4,0.31,3.76,95956.5,0.0,0.0,0.0,4.328238464856861,0.0
3/12/2024 17:00,"(42.089797, -76.807734)",16.57,0.28,3.47,95958.85,0.0,0.0,0.0,3.9495992052592763,0.0
3/12/2024 18:00,"(42.089797, -76.807734)",15.0,0.34,2.46,95945.1,0.0,0.0,0.0,4.360992915542621,0.0
3/12/2024 19:00,"(42.089797, -76.807734)",13.08,0.43,1.77,95992.81,0.0,0.0,0.0,4.90188456371843,0.0
3/12/2024 20:00,"(42.089797, -76.807734)",10.9,0.49,2.21,96038.41,0.0,0.0,0.0,4.874890586053873,0.0
3/12/2024 21:00,"(42.089797, -76.807734)",9.07,0.57,1.58,96081.61,0.0,0.0,0.0,5.0488082760346416,0.0
3/12/2024 22:00,"(42.089797, -76.807734)",7.64,0.62,0.93,96086.96,0.0,0.0,0.0,5.008950313287483,0.0
3/12/2024 23:00,"(42.089797, -76.807734)",6.13,0.69,0.9,96100.33,0.0,0.0,0.0,5.0523495705365855,0.0
3/13/2024 0:00,"(42.089797, -76.807734)",5.57,0.72,1.12,96096.3,0.0,0.0,0.0,5.0815999338510816,0.0
3/13/2024 1:00,"(42.089797, -76.807734)",4.31,0.79,1.72,96082.1,0.0,0.0,0.0,5.129496425376731,0.0
3/13/2024 2:00,"(42.089797, -76.807734)",4.17,0.8,1.91,96088.09,0.0,0.0,0.0,5.146234689422938,0.0
3/13/2024 3:00,"(42.089797, -76.807734)",4.12,0.81,2.13,96096.77,0.0,0.0,0.0,5.1932322264599176,0.0
3/13/2024 4:00,"(42.089797, -76.807734)",3.95,0.81,2.42,96055.88,0.0,0.0,0.0,5.134685376860508,0.0
3/13/2024 5:00,"(42.089797, -76.807734)",4.27,0.78,2.47,96070.57,0.0,0.0,0.0,5.051102055916125,0.0
3/13/2024 6:00,"(42.089797, -76.807734)",3.67,0.79,2.86,96073.91,0.0,0.0,0.0,4.915080907325237,0.0
3/13/2024 7:00,"(42.089797, -76.807734)",4.03,0.76,2.66,96099.21,0.0,0.0,0.0,4.843512389793707,0.0
3/13/2024 8:00,"(42.089797, -76.807734)",4.16,0.74,2.78,96111.93,0.0,0.0,0.0,4.757096854709304,0.0
3/13/2024 9:00,"(42.089797, -76.807734)",5.94,0.68,2.77,96164.29,0.0,0.0,0.0,4.917461974624486,0.0
3/13/2024 10:00,"(42.089797, -76.807734)",11.02,0.53,2.61,96175.84,0.0,0.0,0.0,5.312840435165471,0.0
3/13/2024 11:00,"(42.089797, -76.807734)",14.12,0.43,3.01,96181.84,0.0,0.0,0.0,5.226390936420287,0.0
3/13/2024 12:00,"(42.089797, -76.807734)",16.42,0.38,3.11,96156.47,0.0,0.0,0.0,5.311979623298747,0.0
3/13/2024 13:00,"(42.089797, -76.807734)",18.82,0.34,3.2,96121.27,0.0,0.0,0.0,5.484568121719604,0.0
3/13/2024 14:00,"(42.089797, -76.807734)",20.29,0.31,4.24,96057.23,0.02,0.0,0.0,5.45168113153143,0.02
3/13/2024 15:00,"(42.089797, -76.807734)",20.54,0.3,4.8,96009.63,0.05,0.0,0.0,5.35333928685248,0.05
3/13/2024 16:00,"(42.089797, -76.807734)",20.57,0.3,4.67,95997.46,0.02,0.0,0.0,5.362707290902029,0.02
3/13/2024 17:00,"(42.089797, -76.807734)",20.52,0.29,3.83,96020.4,0.02,0.0,0.0,5.1688650756481165,0.02
3/13/2024 18:00,"(42.089797, -76.807734)",18.54,0.33,2.45,96049.9,0.0,0.0,0.0,5.235805062597866,0.0
3/13/2024 19:00,"(42.089797, -76.807734)",17.13,0.37,2.52,96133.8,0.01,0.0,0.0,5.397563492547727,0.01
3/13/2024 20:00,"(42.089797, -76.807734)",15.36,0.42,2.75,96219.76,0.04,0.0,0.0,5.506422483187439,0.04
3/13/2024 21:00,"(42.089797, -76.807734)",14.08,0.5,2.61,96299.97,0.0,0.0,0.0,6.0622949401357955,0.0
3/13/2024 22:00,"(42.089797, -76.807734)",12.35,0.56,2.29,96382.42,0.0,0.0,0.0,6.10099563692174,0.0
3/13/2024 23:00,"(42.089797, -76.807734)",11.1,0.6,2.19,96394.47,0.0,0.0,0.0,6.0448904606125975,0.0
3/14/2024 0:00,"(42.089797, -76.807734)",10.09,0.64,2.12,96444.86,0.0,0.0,0.0,6.0493659675150715,0.0
3/14/2024 1:00,"(42.089797, -76.807734)",8.48,0.68,2.01,96475.95,0.0,0.0,0.0,5.799539234268908,0.0
3/14/2024 2:00,"(42.089797, -76.807734)",7.02,0.75,2.14,96501.4,0.0,0.0,0.0,5.8202830284367275,0.0
3/14/2024 3:00,"(42.089797, -76.807734)",5.7,0.79,2.04,96536.06,0.0,0.0,0.0,5.623549085410643,0.0
3/14/2024 4:00,"(42.089797, -76.807734)",4.53,0.82,1.78,96516.57,0.0,0.0,0.0,5.402728460667362,0.0
3/14/2024 5:00,"(42.089797, -76.807734)",3.61,0.85,1.76,96597.13,0.0,0.0,0.0,5.267189031390514,0.0
3/14/2024 6:00,"(42.089797, -76.807734)",3.09,0.87,1.67,96630.41,0.0,0.0,0.0,5.206324914918243,0.0
3/14/2024 7:00,"(42.089797, -76.807734)",2.69,0.86,1.37,96697.44,0.0,0.0,0.0,5.009716740932607,0.0
3/14/2024 8:00,"(42.089797, -76.807734)",2.84,0.86,0.95,96734.9,0.0,0.0,0.0,5.060626172956725,0.0
3/14/2024 9:00,"(42.089797, -76.807734)",5.21,0.82,0.62,96798.48,0.0,0.0,0.0,5.651606940268205,0.0
3/14/2024 10:00,"(42.089797, -76.807734)",9.79,0.6,0.58,96839.29,0.0,0.0,0.0,5.564253475947416,0.0
3/14/2024 11:00,"(42.089797, -76.807734)",12.33,0.47,0.38,96834.64,0.0,0.0,0.0,5.114105274674996,0.0
3/14/2024 12:00,"(42.089797, -76.807734)",13.96,0.37,0.3,96784.67,0.0,0.0,0.0,4.45315247352348,0.0
3/14/2024 13:00,"(42.089797, -76.807734)",16.41,0.28,0.57,96695.11,0.0,0.0,0.0,3.9117328483893314,0.0
3/14/2024 14:00,"(42.089797, -76.807734)",17.87,0.24,0.82,96626.22,0.0,0.0,0.0,3.6593241724070786,0.0
3/14/2024 15:00,"(42.089797, -76.807734)",18.87,0.24,1.14,96481.36,0.0,0.0,0.0,3.8829133918656713,0.0
3/14/2024 16:00,"(42.089797, -76.807734)",19.34,0.27,1.93,96393.59,0.0,0.0,0.0,4.491018435589274,0.0
3/14/2024 17:00,"(42.089797, -76.807734)",19.42,0.31,2.39,96373.6,0.0,0.0,0.0,5.180679310655788,0.0
3/14/2024 18:00,"(42.089797, -76.807734)",17.51,0.36,1.6,96293.9,0.0,0.0,0.0,5.372407829256288,0.0
3/14/2024 19:00,"(42.089797, -76.807734)",16.56,0.44,2.72,96278.77,0.01,0.0,0.0,6.2027794593441605,0.01
3/14/2024 20:00,"(42.089797, -76.807734)",16.07,0.49,3.03,96198.8,0.0,0.0,0.0,6.7065417144936035,0.0
3/14/2024 21:00,"(42.089797, -76.807734)",15.4,0.55,3.18,96011.77,0.19,0.0,0.0,7.228335560911672,0.19
3/14/2024 22:00,"(42.089797, -76.807734)",15.12,0.57,3.73,95893.21,0.29,0.0,0.0,7.364710136832456,0.29
3/14/2024 23:00,"(42.089797, -76.807734)",14.76,0.55,4.28,95910.6,0.28,0.0,0.0,6.952023246077428,0.28
3/15/2024 0:00,"(42.089797, -76.807734)",13.88,0.6,5.3,95859.13,0.12,0.0,0.0,7.185900741773151,0.12
3/15/2024 1:00,"(42.089797, -76.807734)",13.2,0.66,5.1,95835.43,0.0,0.0,0.0,7.579887496619609,0.0
3/15/2024 2:00,"(42.089797, -76.807734)",12.7,0.75,4.54,95801.52,0.0,0.0,0.0,8.350742829943675,0.0
3/15/2024 3:00,"(42.089797, -76.807734)",12.68,0.84,4.15,95739.51,0.0,0.0,0.0,9.341224120033175,0.0
3/15/2024 4:00,"(42.089797, -76.807734)",12.76,0.9,3.88,95634.26,0.0,0.0,0.0,10.058282932031187,0.0
3/15/2024 5:00,"(42.089797, -76.807734)",12.36,0.94,3.35,95603.5,0.01,0.0,0.0,10.24733534287567,0.01
3/15/2024 6:00,"(42.089797, -76.807734)",11.81,0.93,2.94,95600.41,0.17,0.0,0.0,9.796271075147423,0.17
3/15/2024 7:00,"(42.089797, -76.807734)",11.35,0.93,3.26,95654.79,1.01,0.0,0.0,9.517941756825953,1.01
3/15/2024 8:00,"(42.089797, -76.807734)",9.21,0.94,4.81,95799.04,1.29,0.0,0.0,8.400955360395109,1.29
3/15/2024 9:00,"(42.089797, -76.807734)",6.3,0.91,4.19,95961.41,0.18,0.0,0.0,6.73784403236819,0.18
3/15/2024 10:00,"(42.089797, -76.807734)",6.27,0.88,3.45,95964.64,0.01,0.0,0.0,6.502935528326494,0.01
3/15/2024 11:00,"(42.089797, -76.807734)",6.67,0.84,3.86,95977.29,0.0,0.0,0.0,6.3717552745503045,0.0
3/15/2024 12:00,"(42.089797, -76.807734)",7.16,0.84,4.2,96029.15,0.0,0.0,0.0,6.5783246891943525,0.0
3/15/2024 13:00,"(42.089797, -76.807734)",7.82,0.79,4.62,96035.41,0.0,0.0,0.0,6.45710620050402,0.0
3/15/2024 14:00,"(42.089797, -76.807734)",8.09,0.77,4.62,96067.06,0.0,0.0,0.0,6.404292766618766,0.0
3/15/2024 15:00,"(42.089797, -76.807734)",8.15,0.74,4.31,96015.0,0.0,0.0,0.0,6.178627541577361,0.0
3/15/2024 16:00,"(42.089797, -76.807734)",8.15,0.72,4.0,96025.18,0.0,0.0,0.0,6.011637608021216,0.0
3/15/2024 17:00,"(42.089797, -76.807734)",7.85,0.72,3.74,96006.63,0.0,0.0,0.0,5.89637691360871,0.0
3/15/2024 18:00,"(42.089797, -76.807734)",6.99,0.72,3.18,96084.43,0.0,0.0,0.0,5.576576066930758,0.0
3/15/2024 19:00,"(42.089797, -76.807734)",6.79,0.71,3.34,96115.62,0.0,0.0,0.0,5.427960964332775,0.0
3/15/2024 20:00,"(42.089797, -76.807734)",6.17,0.74,2.71,96123.08,0.0,0.0,0.0,5.432682736187303,0.0
3/15/2024 21:00,"(42.089797, -76.807734)",5.65,0.77,2.2,96137.13,0.0,0.0,0.0,5.463181011928344,0.0
3/15/2024 22:00,"(42.089797, -76.807734)",4.98,0.8,1.88,96116.7,0.0,0.0,0.0,5.430564962666261,0.0
3/15/2024 23:00,"(42.089797, -76.807734)",4.54,0.82,2.29,96099.04,0.0,0.0,0.0,5.4063178428900285,0.0
3/16/2024 0:00,"(42.089797, -76.807734)",4.44,0.82,2.72,96122.27,0.0,0.0,0.0,5.370517665491553,0.0
3/16/2024 1:00,"(42.089797, -76.807734)",4.12,0.83,2.85,96085.24,0.01,0.0,0.0,5.321460182668805,0.01
3/16/2024 2:00,"(42.089797, -76.807734)",4.45,0.82,2.75,96071.4,0.04,0.0,0.0,5.374088330968655,0.04
3/16/2024 3:00,"(42.089797, -76.807734)",4.66,0.83,2.64,96071.32,0.02,0.0,0.0,5.516011298385032,0.02
3/16/2024 4:00,"(42.089797, -76.807734)",4.54,0.83,2.63,96068.17,0.01,0.0,0.0,5.472248548291127,0.01
3/16/2024 5:00,"(42.089797, -76.807734)",4.08,0.86,2.53,96043.42,0.01,0.0,0.0,5.499120537250861,0.01
3/16/2024 6:00,"(42.089797, -76.807734)",3.59,0.82,2.22,96058.81,0.01,0.0,0.0,5.074490415713776,0.01
3/16/2024 7:00,"(42.089797, -76.807734)",3.54,0.77,2.17,96055.12,0.01,0.0,0.0,4.749144634844031,0.01
3/16/2024 8:00,"(42.089797, -76.807734)",3.27,0.71,2.52,96089.13,0.0,0.0,0.0,4.300523843734087,0.0
3/16/2024 9:00,"(42.089797, -76.807734)",3.57,0.7,2.69,96087.92,0.0,0.0,0.0,4.326085833356648,0.0
3/16/2024 10:00,"(42.089797, -76.807734)",5.12,0.62,2.59,96066.28,0.0,0.0,0.0,4.247833481354944,0.0
3/16/2024 11:00,"(42.089797, -76.807734)",6.1,0.55,2.43,96027.07,0.0,0.0,0.0,4.01932384905416,0.0
3/16/2024 12:00,"(42.089797, -76.807734)",7.41,0.5,2.42,95949.42,0.0,0.0,0.0,3.9797324817307347,0.0
3/16/2024 13:00,"(42.089797, -76.807734)",9.5,0.42,3.31,95855.92,0.0,0.0,0.0,3.8237290074826777,0.0
3/16/2024 14:00,"(42.089797, -76.807734)",11.2,0.36,4.66,95746.93,0.0,0.0,0.0,3.6498122556267014,0.0
3/16/2024 15:00,"(42.089797, -76.807734)",11.51,0.36,5.22,95603.92,0.0,0.0,0.0,3.721533539744276,0.0
3/16/2024 16:00,"(42.089797, -76.807734)",11.99,0.35,5.32,95521.19,0.0,0.0,0.0,3.7284759207259226,0.0
3/16/2024 17:00,"(42.089797, -76.807734)",12.01,0.35,5.35,95541.85,0.0,0.0,0.0,3.733135275354345,0.0
3/16/2024 18:00,"(42.089797, -76.807734)",11.47,0.33,3.11,95465.32,0.0,0.0,0.0,3.4028599528342003,0.0
3/16/2024 19:00,"(42.089797, -76.807734)",10.26,0.38,2.79,95441.49,0.0,0.0,0.0,3.6307234393933587,0.0
3/16/2024 20:00,"(42.089797, -76.807734)",9.46,0.41,3.48,95389.5,0.0,0.0,0.0,3.723181958197314,0.0
3/16/2024 21:00,"(42.089797, -76.807734)",9.03,0.43,4.07,95345.27,0.0,0.0,0.0,3.7990161625653274,0.0
3/16/2024 22:00,"(42.089797, -76.807734)",8.84,0.45,4.45,95274.82,0.0,0.0,0.0,3.9276369794760213,0.0
3/16/2024 23:00,"(42.089797, -76.807734)",9.27,0.46,4.5,95173.29,0.0,0.0,0.0,4.126891541487495,0.0
3/17/2024 0:00,"(42.089797, -76.807734)",9.34,0.46,4.75,95069.73,0.0,0.0,0.0,4.1453749328290765,0.0
3/17/2024 1:00,"(42.089797, -76.807734)",8.88,0.49,4.96,94999.49,0.07,0.0,0.0,4.287735487003579,0.07
3/17/2024 2:00,"(42.089797, -76.807734)",7.68,0.65,4.6,95024.17,0.44,0.0,0.0,5.264929417053327,0.44
3/17/2024 3:00,"(42.089797, -76.807734)",6.15,0.83,4.23,95036.71,0.99,0.0,0.0,6.085434634905671,0.99
3/17/2024 4:00,"(42.089797, -76.807734)",5.16,0.91,3.7,95045.97,0.9,0.0,0.0,6.2512247868318855,0.9
3/17/2024 5:00,"(42.089797, -76.807734)",4.97,0.92,3.19,94957.19,0.22,0.0,0.0,6.241018591655457,0.22
3/17/2024 6:00,"(42.089797, -76.807734)",4.72,0.92,3.95,95055.39,0.02,0.0,0.0,6.138513983574758,0.02
3/17/2024 7:00,"(42.089797, -76.807734)",4.45,0.89,4.16,95105.21,0.0,0.0,0.0,5.832851968978173,0.0
3/17/2024 8:00,"(42.089797, -76.807734)",4.58,0.87,4.37,95170.95,0.02,0.0,0.0,5.7512264872102,0.02
3/17/2024 9:00,"(42.089797, -76.807734)",4.91,0.82,4.2,95178.48,0.11,0.0,0.0,5.540599190970782,0.11
3/17/2024 10:00,"(42.089797, -76.807734)",5.41,0.72,4.24,95191.7,0.08,0.0,0.0,5.028310856708157,0.08
3/17/2024 11:00,"(42.089797, -76.807734)",6.31,0.53,4.4,95205.03,0.07,0.0,0.0,3.926807804834773,0.07
3/17/2024 12:00,"(42.089797, -76.807734)",7.03,0.39,5.39,95220.97,0.01,0.0,0.0,3.0285166779682404,0.01
3/17/2024 13:00,"(42.089797, -76.807734)",8.19,0.31,5.9,95208.85,0.0,0.0,0.0,2.5950242696365238,0.0
3/17/2024 14:00,"(42.089797, -76.807734)",8.7,0.3,6.18,95207.03,0.0,0.0,0.0,2.5950242049049064,0.0
3/17/2024 15:00,"(42.089797, -76.807734)",8.46,0.33,5.87,95128.0,0.06,0.0,0.0,2.810866279702639,0.06
3/17/2024 16:00,"(42.089797, -76.807734)",7.99,0.38,5.59,95172.56,0.08,0.0,0.0,3.1402372211623897,0.08
3/17/2024 17:00,"(42.089797, -76.807734)",7.71,0.42,4.47,95219.72,0.03,0.0,0.0,3.4085633096669987,0.03
3/17/2024 18:00,"(42.089797, -76.807734)",5.41,0.56,3.23,95379.92,0.09,0.0,0.0,3.910908444106345,0.09
3/17/2024 19:00,"(42.089797, -76.807734)",4.61,0.62,2.73,95435.36,0.11,0.0,0.0,4.106745375443764,0.11
3/17/2024 20:00,"(42.089797, -76.807734)",4.11,0.64,2.28,95483.64,0.04,0.0,0.0,4.100560753048504,0.04
3/17/2024 21:00,"(42.089797, -76.807734)",3.61,0.6,2.39,95509.74,0.0,0.0,0.0,3.718015786863892,0.0
3/17/2024 22:00,"(42.089797, -76.807734)",2.8,0.56,2.82,95565.42,0.0,0.0,0.0,3.2864226647045305,0.0
3/17/2024 23:00,"(42.089797, -76.807734)",2.07,0.57,3.14,95574.34,0.0,0.0,0.0,3.184057886773173,0.0
3/18/2024 0:00,"(42.089797, -76.807734)",1.47,0.63,3.28,95626.23,0.0,0.0,0.0,3.378584462662492,0.0
3/18/2024 1:00,"(42.089797, -76.807734)",0.82,0.67,3.16,95605.18,0.0,0.0,0.0,3.4370026806883445,0.0
3/18/2024 2:00,"(42.089797, -76.807734)",0.54,0.69,2.96,95580.48,0.0,0.0,0.0,3.472260690089641,0.0
3/18/2024 3:00,"(42.089797, -76.807734)",0.21,0.71,2.88,95592.61,0.11,0.11,0.0,3.492728000874962,0.0
3/18/2024 4:00,"(42.089797, -76.807734)",-0.05,0.71,2.96,95579.55,0.03,0.03,0.0,3.4306735541483344,0.0
3/18/2024 5:00,"(42.089797, -76.807734)",-0.21,0.72,2.87,95624.87,0.04,0.03,0.0,3.4407571732113382,0.010000000000000002
3/18/2024 6:00,"(42.089797, -76.807734)",-0.91,0.7,2.0,95650.57,0.02,0.02,0.0,3.186728131206853,0.0
3/18/2024 7:00,"(42.089797, -76.807734)",-1.07,0.7,2.17,95657.01,0.0,0.0,0.0,3.15144972011449,0.0
3/18/2024 8:00,"(42.089797, -76.807734)",-0.98,0.67,2.74,95703.09,0.0,0.0,0.0,3.0353406162753083,0.0
3/18/2024 9:00,"(42.089797, -76.807734)",-0.62,0.65,3.83,95708.15,0.0,0.0,0.0,3.0193008636369285,0.0
3/18/2024 10:00,"(42.089797, -76.807734)",-0.03,0.58,4.85,95736.34,0.02,0.01,0.0,2.806393220058576,0.01
3/18/2024 11:00,"(42.089797, -76.807734)",0.62,0.52,5.01,95737.37,0.03,0.03,0.0,2.631188553462116,0.0
3/18/2024 12:00,"(42.089797, -76.807734)",0.7,0.52,5.01,95727.07,0.03,0.03,0.0,2.6456704981673096,0.0
3/18/2024 13:00,"(42.089797, -76.807734)",1.21,0.5,4.79,95676.32,0.02,0.02,0.0,2.6342758752735844,0.0
3/18/2024 14:00,"(42.089797, -76.807734)",1.38,0.49,4.83,95640.84,0.03,0.03,0.0,2.611715127075286,0.0
3/18/2024 15:00,"(42.089797, -76.807734)",1.57,0.49,4.8,95595.19,0.04,0.04,0.0,2.64574817669521,0.0
3/18/2024 16:00,"(42.089797, -76.807734)",1.38,0.49,4.94,95582.63,0.04,0.04,0.0,2.611715127075286,0.0
3/18/2024 17:00,"(42.089797, -76.807734)",1.16,0.51,4.96,95624.74,0.05,0.04,0.0,2.6778000633559498,0.010000000000000002
3/18/2024 18:00,"(42.089797, -76.807734)",0.26,0.58,4.47,95701.62,0.03,0.03,0.0,2.86305463524407,0.0
3/18/2024 19:00,"(42.089797, -76.807734)",-0.04,0.61,3.78,95767.64,0.01,0.01,0.0,2.9495151765785588,0.0
3/18/2024 20:00,"(42.089797, -76.807734)",-0.36,0.63,3.31,95763.08,0.0,0.0,0.0,2.9795907643620207,0.0
3/18/2024 21:00,"(42.089797, -76.807734)",-0.51,0.66,3.82,95749.52,0.01,0.01,0.0,3.089219870134266,0.0
3/18/2024 22:00,"(42.089797, -76.807734)",-0.7,0.69,4.23,95748.39,0.02,0.02,0.0,3.187363294630293,0.0
3/18/2024 23:00,"(42.089797, -76.807734)",-0.92,0.73,4.9,95743.87,0.03,0.03,0.0,3.3209922497201014,0.0
3/19/2024 0:00,"(42.089797, -76.807734)",-1.05,0.74,4.78,95753.11,0.06,0.06,0.0,3.3361744371168887,0.0
3/19/2024 1:00,"(42.089797, -76.807734)",-1.43,0.74,4.32,95766.41,0.08,0.07,0.0,3.248943039424491,0.009999999999999995
3/19/2024 2:00,"(42.089797, -76.807734)",-1.6,0.74,4.04,95762.13,0.03,0.03,0.0,3.210571485491102,0.0
3/19/2024 3:00,"(42.089797, -76.807734)",-1.74,0.71,4.46,95753.32,0.05,0.05,0.0,3.0503815208301197,0.0
3/19/2024 4:00,"(42.089797, -76.807734)",-2.02,0.69,4.68,95757.06,0.03,0.03,0.0,2.9068328647325137,0.0
3/19/2024 5:00,"(42.089797, -76.807734)",-2.2,0.67,4.47,95750.14,0.02,0.01,0.0,2.7871142960132134,0.01
3/19/2024 6:00,"(42.089797, -76.807734)",-2.16,0.62,4.13,95792.68,0.01,0.01,0.0,2.586381673447065,0.0
3/19/2024 7:00,"(42.089797, -76.807734)",-2.06,0.62,4.09,95788.54,0.01,0.01,0.0,2.604612776785632,0.0
3/19/2024 8:00,"(42.089797, -76.807734)",-1.68,0.61,4.29,95804.44,0.02,0.01,0.0,2.6317810697737443,0.01
3/19/2024 9:00,"(42.089797, -76.807734)",-1.19,0.6,5.23,95783.15,0.03,0.03,0.0,2.6787569303332304,0.0
3/19/2024 10:00,"(42.089797, -76.807734)",-0.44,0.6,5.32,95747.11,0.05,0.05,0.0,2.822032870592315,0.0
3/19/2024 11:00,"(42.089797, -76.807734)",0.18,0.58,5.31,95713.61,0.07,0.06,0.0,2.8473245474904116,0.010000000000000009
3/19/2024 12:00,"(42.089797, -76.807734)",0.81,0.55,5.34,95636.58,0.07,0.06,0.0,2.8194875059854256,0.010000000000000009
3/19/2024 13:00,"(42.089797, -76.807734)",1.59,0.52,5.24,95512.92,0.07,0.06,0.0,2.8115584014339476,0.010000000000000009
3/19/2024 14:00,"(42.089797, -76.807734)",2.06,0.54,5.5,95434.64,0.07,0.07,0.0,3.0144313182899687,0.0
3/19/2024 15:00,"(42.089797, -76.807734)",2.14,0.55,5.68,95294.5,0.07,0.07,0.0,3.0869482908157027,0.0
3/19/2024 16:00,"(42.089797, -76.807734)",2.31,0.56,5.75,95260.24,0.11,0.11,0.0,3.179463758083359,0.0
3/19/2024 17:00,"(42.089797, -76.807734)",1.83,0.61,4.8,95232.07,0.22,0.22,0.0,3.352446981132825,0.0
3/19/2024 18:00,"(42.089797, -76.807734)",0.5,0.75,3.58,95266.28,0.31,0.31,0.0,3.763840354892246,0.0
3/19/2024 19:00,"(42.089797, -76.807734)",0.25,0.78,3.63,95334.33,0.34,0.34,0.0,3.8476649784805943,0.0
3/19/2024 20:00,"(42.089797, -76.807734)",0.33,0.77,3.29,95362.13,0.28,0.28,0.0,3.819307454675452,0.0
3/19/2024 21:00,"(42.089797, -76.807734)",0.38,0.75,3.35,95364.97,0.12,0.12,0.0,3.732921588813837,0.0
3/19/2024 22:00,"(42.089797, -76.807734)",0.23,0.74,3.29,95334.17,0.05,0.05,0.0,3.6453254089476332,0.0
3/19/2024 23:00,"(42.089797, -76.807734)",0.43,0.75,3.2,95286.39,0.05,0.05,0.0,3.745777228955177,0.0
3/20/2024 0:00,"(42.089797, -76.807734)",0.54,0.76,3.21,95243.9,0.07,0.07,0.0,3.8245190209683013,0.0
3/20/2024 1:00,"(42.089797, -76.807734)",0.93,0.76,3.25,95211.92,0.05,0.05,0.0,3.928171304243735,0.0
3/20/2024 2:00,"(42.089797, -76.807734)",1.08,0.77,3.22,95184.08,0.02,0.02,0.0,4.02090811826656,0.0
3/20/2024 3:00,"(42.089797, -76.807734)",1.31,0.77,3.17,95170.79,0.05,0.05,0.0,4.084572961295036,0.0
3/20/2024 4:00,"(42.089797, -76.807734)",0.66,0.79,3.09,95147.95,0.02,0.02,0.0,4.0083700807434,0.0
3/20/2024 5:00,"(42.089797, -76.807734)",0.51,0.78,2.45,95158.09,0.0,0.0,0.0,3.9170841086732735,0.0
3/20/2024 6:00,"(42.089797, -76.807734)",0.35,0.78,2.91,95241.63,0.0,0.0,0.0,3.874235866014941,0.0
3/20/2024 7:00,"(42.089797, -76.807734)",0.28,0.78,1.68,95256.56,0.0,0.0,0.0,3.855619408807662,0.0
3/20/2024 8:00,"(42.089797, -76.807734)",0.87,0.76,1.83,95264.88,0.0,0.0,0.0,3.9120662408509927,0.0
3/20/2024 9:00,"(42.089797, -76.807734)",1.46,0.73,2.11,95229.63,0.0,0.0,0.0,3.912200773905359,0.0
3/20/2024 10:00,"(42.089797, -76.807734)",2.26,0.67,2.97,95210.08,0.06,0.02,0.0,3.791150690138024,0.039999999999999994
3/20/2024 11:00,"(42.089797, -76.807734)",2.86,0.63,3.47,95162.26,0.16,0.04,0.0,3.7122004257644967,0.12
3/20/2024 12:00,"(42.089797, -76.807734)",2.6,0.69,3.93,95127.1,0.2,0.11,0.0,3.995089411140198,0.09000000000000001
3/20/2024 13:00,"(42.089797, -76.807734)",2.83,0.73,4.16,95125.6,0.27,0.17,0.0,4.292754962840213,0.1
3/20/2024 14:00,"(42.089797, -76.807734)",2.33,0.82,4.42,95096.49,0.59,0.23,0.0,4.66194745715987,0.36
3/20/2024 15:00,"(42.089797, -76.807734)",0.55,0.84,6.48,95198.52,1.32,0.67,0.0,4.230004033226351,0.65
3/20/2024 16:00,"(42.089797, -76.807734)",-0.53,0.75,6.81,95297.53,0.13,0.1,0.0,3.5056150334277114,0.03
3/20/2024 17:00,"(42.089797, -76.807734)",0.39,0.58,7.01,95395.95,0.03,0.01,0.0,2.8887786367432544,0.019999999999999997
3/20/2024 18:00,"(42.089797, -76.807734)",-0.47,0.52,6.52,95621.74,0.01,0.01,0.0,2.44068522036679,0.0
3/20/2024 19:00,"(42.089797, -76.807734)",-1.92,0.56,5.94,95757.35,0.01,0.01,0.0,2.375778328259177,0.0
3/20/2024 20:00,"(42.089797, -76.807734)",-2.71,0.58,6.18,95883.8,0.01,0.01,0.0,2.3275785084268397,0.0
3/20/2024 21:00,"(42.089797, -76.807734)",-3.17,0.6,6.92,96018.81,0.02,0.02,0.0,2.3307483442160444,0.0
3/20/2024 22:00,"(42.089797, -76.807734)",-3.9,0.6,6.31,96110.48,0.01,0.01,0.0,2.2128594837865814,0.0
3/20/2024 23:00,"(42.089797, -76.807734)",-4.07,0.56,5.97,96161.29,0.0,0.0,0.0,2.040426558537398,0.0
3/21/2024 0:00,"(42.089797, -76.807734)",-4.32,0.56,6.05,96239.47,0.0,0.0,0.0,2.0042760319136645,0.0
3/21/2024 1:00,"(42.089797, -76.807734)",-5.02,0.58,6.0,96279.88,0.01,0.01,0.0,1.974108937829016,0.0
3/21/2024 2:00,"(42.089797, -76.807734)",-5.4,0.62,6.32,96339.52,0.01,0.01,0.0,2.053199437054685,0.0
3/21/2024 3:00,"(42.089797, -76.807734)",-5.41,0.61,6.45,96380.26,0.02,0.02,0.0,2.018624323247747,0.0
3/21/2024 4:00,"(42.089797, -76.807734)",-5.46,0.58,6.18,96448.77,0.02,0.02,0.0,1.9124247482516183,0.0
3/21/2024 5:00,"(42.089797, -76.807734)",-5.55,0.6,6.27,96504.35,0.02,0.01,0.0,1.9655367156992871,0.01
3/21/2024 6:00,"(42.089797, -76.807734)",-5.47,0.6,6.24,96594.02,0.02,0.02,0.0,1.9769408248803837,0.0
3/21/2024 7:00,"(42.089797, -76.807734)",-5.44,0.6,6.22,96674.23,0.02,0.02,0.0,1.981232370486227,0.0
3/21/2024 8:00,"(42.089797, -76.807734)",-5.33,0.56,6.39,96781.25,0.03,0.03,0.0,1.8639024497359717,0.0
3/21/2024 9:00,"(42.089797, -76.807734)",-4.84,0.53,6.3,96857.83,0.05,0.05,0.0,1.8274437639801338,0.0
3/21/2024 10:00,"(42.089797, -76.807734)",-3.94,0.48,5.94,96926.15,0.07,0.06,0.0,1.765243404665296,0.010000000000000009
3/21/2024 11:00,"(42.089797, -76.807734)",-3.26,0.45,5.55,96948.86,0.05,0.05,0.0,1.7369413356176089,0.0
3/21/2024 12:00,"(42.089797, -76.807734)",-2.4,0.42,5.46,97006.37,0.03,0.03,0.0,1.7227342137919648,0.0
3/21/2024 13:00,"(42.089797, -76.807734)",-1.4,0.39,5.89,97003.92,0.02,0.02,0.0,1.715871479580517,0.0
3/21/2024 14:00,"(42.089797, -76.807734)",-0.59,0.36,5.84,96975.71,0.01,0.01,0.0,1.6757108176839688,0.0
3/21/2024 15:00,"(42.089797, -76.807734)",-0.33,0.35,5.79,96978.06,0.01,0.01,0.0,1.6587680580472366,0.0
3/21/2024 16:00,"(42.089797, -76.807734)",-0.15,0.34,5.58,96991.36,0.0,0.0,0.0,1.6315523977322235,0.0
3/21/2024 17:00,"(42.089797, -76.807734)",-0.16,0.34,5.19,97033.75,0.0,0.0,0.0,1.6304256251832308,0.0
3/21/2024 18:00,"(42.089797, -76.807734)",-2.15,0.4,4.46,97078.39,0.0,0.0,0.0,1.6698062731182912,0.0
3/21/2024 19:00,"(42.089797, -76.807734)",-2.18,0.4,3.53,97154.76,0.0,0.0,0.0,1.6662896388588886,0.0
3/21/2024 20:00,"(42.089797, -76.807734)",-2.35,0.41,3.3,97231.92,0.0,0.0,0.0,1.6876468327245642,0.0
3/21/2024 21:00,"(42.089797, -76.807734)",-2.63,0.43,3.35,97328.76,0.0,0.0,0.0,1.7353893102391327,0.0
3/21/2024 22:00,"(42.089797, -76.807734)",-3.12,0.46,3.45,97411.11,0.0,0.0,0.0,1.79324969545561,0.0
3/21/2024 23:00,"(42.089797, -76.807734)",-3.49,0.48,3.4,97460.85,0.0,0.0,0.0,1.8227263269001093,0.0
3/22/2024 0:00,"(42.089797, -76.807734)",-3.82,0.51,3.28,97510.62,0.0,0.0,0.0,1.891689892271476,0.0
3/22/2024 1:00,"(42.089797, -76.807734)",-4.41,0.53,3.06,97531.33,0.0,0.0,0.0,1.8847183723221157,0.0
3/22/2024 2:00,"(42.089797, -76.807734)",-4.96,0.56,2.93,97582.53,0.0,0.0,0.0,1.9142873292484281,0.0
3/22/2024 3:00,"(42.089797, -76.807734)",-5.15,0.57,2.81,97557.13,0.0,0.0,0.0,1.9219852129027173,0.0
3/22/2024 4:00,"(42.089797, -76.807734)",-6.24,0.61,2.31,97548.73,0.0,0.0,0.0,1.900716591920755,0.0
3/22/2024 5:00,"(42.089797, -76.807734)",-7.25,0.65,2.03,97523.94,0.0,0.0,0.0,1.8812253559086933,0.0
3/22/2024 6:00,"(42.089797, -76.807734)",-8.01,0.67,2.31,97587.42,0.0,0.0,0.0,1.8335491722082022,0.0
3/22/2024 7:00,"(42.089797, -76.807734)",-8.48,0.7,1.77,97577.06,0.0,0.0,0.0,1.8501282260125422,0.0
3/22/2024 8:00,"(42.089797, -76.807734)",-7.45,0.67,1.43,97646.26,0.0,0.0,0.0,1.9108230843220695,0.0
3/22/2024 9:00,"(42.089797, -76.807734)",-5.88,0.6,1.22,97666.05,0.0,0.0,0.0,1.919105074180748,0.0
3/22/2024 10:00,"(42.089797, -76.807734)",-4.41,0.5,1.93,97596.61,0.01,0.01,0.0,1.7780362003038823,0.0
3/22/2024 11:00,"(42.089797, -76.807734)",-3.82,0.47,1.71,97568.63,0.01,0.01,0.0,1.743322057583517,0.0
3/22/2024 12:00,"(42.089797, -76.807734)",-2.9,0.44,1.6,97488.02,0.0,0.0,0.0,1.7422020892648908,0.0
3/22/2024 13:00,"(42.089797, -76.807734)",-1.6,0.43,1.68,97411.42,0.16,0.16,0.0,1.8656023496772614,0.0
3/22/2024 14:00,"(42.089797, -76.807734)",-1.22,0.45,2.02,97331.68,0.04,0.04,0.0,2.004870943007465,0.0
3/22/2024 15:00,"(42.089797, -76.807734)",-0.53,0.44,2.38,97224.78,0.02,0.02,0.0,2.056627486277591,0.0
3/22/2024 16:00,"(42.089797, -76.807734)",0.27,0.43,2.39,97108.32,0.03,0.02,0.0,2.1240711823620853,0.009999999999999998
3/22/2024 17:00,"(42.089797, -76.807734)",1.24,0.41,1.99,97076.63,0.01,0.01,0.0,2.1645358053820294,0.0
3/22/2024 18:00,"(42.089797, -76.807734)",0.9,0.49,1.22,97025.49,0.02,0.02,0.0,2.5274403229337787,0.0
3/22/2024 19:00,"(42.089797, -76.807734)",0.07,0.56,1.74,97017.14,0.68,0.51,0.0,2.728377435772054,0.17000000000000004
3/22/2024 20:00,"(42.089797, -76.807734)",-0.66,0.65,2.62,97021.42,0.39,0.36,0.0,3.010934559015254,0.030000000000000027
3/22/2024 21:00,"(42.089797, -76.807734)",-0.35,0.71,2.88,96983.82,0.1,0.1,0.0,3.3602760815932684,0.0
3/22/2024 22:00,"(42.089797, -76.807734)",-0.62,0.79,2.87,96861.56,1.49,1.49,0.0,3.6696118188818057,0.0
3/22/2024 23:00,"(42.089797, -76.807734)",-0.49,0.82,3.29,96825.2,1.48,1.45,2.82,3.843444013814465,0.030000000000000027
3/23/2024 0:00,"(42.089797, -76.807734)",-0.63,0.86,3.51,96755.26,1.13,0.85,3.63,3.991997452327731,0.2799999999999999
3/23/2024 1:00,"(42.089797, -76.807734)",-0.63,0.89,3.44,96633.14,1.13,0.48,8.58,4.13125317740893,0.6499999999999999
3/23/2024 2:00,"(42.089797, -76.807734)",-0.81,0.9,3.34,96560.29,1.32,0.14,3.63,4.125796440601055,1.1800000000000002
3/23/2024 3:00,"(42.089797, -76.807734)",-0.61,0.89,2.88,96480.29,1.62,0.22,2.82,4.136987856352749,1.4000000000000001
3/23/2024 4:00,"(42.089797, -76.807734)",-0.57,0.9,2.36,96392.58,1.11,0.03,2.82,4.1950902944405355,1.08
3/23/2024 5:00,"(42.089797, -76.807734)",-0.65,0.9,1.79,96334.34,1.66,0.04,2.82,4.171879696301103,1.6199999999999999
3/23/2024 6:00,"(42.089797, -76.807734)",-0.05,0.91,0.57,96342.94,1.92,0.24,8.58,4.397060470809836,1.68
3/23/2024 7:00,"(42.089797, -76.807734)",-0.4,0.93,1.28,96363.69,1.81,0.32,10.0,4.386282469976003,1.49
3/23/2024 8:00,"(42.089797, -76.807734)",-0.51,0.93,1.5,96329.11,1.51,0.35,10.0,4.352991635189194,1.1600000000000001
3/23/2024 9:00,"(42.089797, -76.807734)",-0.63,0.94,1.87,96330.91,1.23,0.58,10.0,4.363346052544265,0.65
3/23/2024 10:00,"(42.089797, -76.807734)",-0.68,0.94,2.76,96389.04,1.13,1.03,10.0,4.348236154516631,0.09999999999999987
3/23/2024 11:00,"(42.089797, -76.807734)",-1.05,0.92,4.13,96390.21,1.05,1.03,12.82,4.147676327226402,0.020000000000000018
3/23/2024 12:00,"(42.089797, -76.807734)",-1.62,0.88,4.41,96381.72,0.86,0.86,12.82,3.8126397939712087,0.0
3/23/2024 13:00,"(42.089797, -76.807734)",-1.9,0.84,4.74,96386.32,0.51,0.51,12.82,3.5686688333062335,0.0
3/23/2024 14:00,"(42.089797, -76.807734)",-1.58,0.79,5.51,96360.65,0.2,0.2,12.82,3.4322991490353423,0.0
3/23/2024 15:00,"(42.089797, -76.807734)",-1.75,0.8,6.24,96384.57,0.1,0.1,12.82,3.4346436942945444,0.0
3/23/2024 16:00,"(42.089797, -76.807734)",-2.19,0.79,6.52,96349.86,0.01,0.01,12.82,3.2886097774550698,0.0
3/23/2024 17:00,"(42.089797, -76.807734)",-2.47,0.78,6.73,96393.11,0.0,0.0,12.82,3.1836277657237217,0.0
3/23/2024 18:00,"(42.089797, -76.807734)",-3.08,0.76,6.12,96435.23,0.0,0.0,12.82,2.9711672086493146,0.0
3/23/2024 19:00,"(42.089797, -76.807734)",-3.26,0.76,5.81,96500.67,0.0,0.0,12.82,2.9335009223764064,0.0
3/23/2024 20:00,"(42.089797, -76.807734)",-3.22,0.76,5.36,96603.44,0.01,0.01,2.82,2.9418347163808005,0.0
3/23/2024 21:00,"(42.089797, -76.807734)",-3.52,0.77,4.83,96743.23,0.0,0.0,2.82,2.917728173613423,0.0
3/23/2024 22:00,"(42.089797, -76.807734)",-3.97,0.78,4.26,96796.06,0.0,0.0,2.82,2.8623864299440656,0.0
3/23/2024 23:00,"(42.089797, -76.807734)",-4.51,0.79,3.87,96815.18,0.0,0.0,2.82,2.789235920889906,0.0
3/24/2024 0:00,"(42.089797, -76.807734)",-4.93,0.81,3.91,96848.87,0.0,0.0,2.82,2.7748642540132207,0.0
3/24/2024 1:00,"(42.089797, -76.807734)",-5.04,0.83,4.08,96884.49,0.0,0.0,2.82,2.8209518488403487,0.0
3/24/2024 2:00,"(42.089797, -76.807734)",-4.9,0.85,4.24,96941.72,0.0,0.0,2.82,2.9181864284733057,0.0
3/24/2024 3:00,"(42.089797, -76.807734)",-4.84,0.86,4.37,96954.08,0.0,0.0,2.82,2.965286107590406,0.0
3/24/2024 4:00,"(42.089797, -76.807734)",-4.94,0.86,4.49,96982.71,0.0,0.0,2.82,2.9440329043991653,0.0
3/24/2024 5:00,"(42.089797, -76.807734)",-5.5,0.85,4.07,97031.68,0.0,0.0,2.82,2.7945980839846496,0.0
3/24/2024 6:00,"(42.089797, -76.807734)",-5.08,0.79,4.39,97139.54,0.01,0.01,2.82,2.6772767638999633,0.0
3/24/2024 7:00,"(42.089797, -76.807734)",-4.87,0.77,4.41,97184.95,0.02,0.02,2.82,2.6492440982673005,0.0
3/24/2024 8:00,"(42.089797, -76.807734)",-4.6,0.74,4.62,97283.07,0.03,0.03,2.82,2.5958906960900956,0.0
3/24/2024 9:00,"(42.089797, -76.807734)",-3.83,0.68,4.46,97376.6,0.02,0.02,2.82,2.5204560281342814,0.0
3/24/2024 10:00,"(42.089797, -76.807734)",-3.0,0.61,4.11,97438.27,0.0,0.0,2.82,2.398298353083423,0.0
3/24/2024 11:00,"(42.089797, -76.807734)",-2.01,0.53,3.48,97490.57,0.0,0.0,2.82,2.2343522889873997,0.0
3/24/2024 12:00,"(42.089797, -76.807734)",-0.92,0.47,2.92,97552.73,0.0,0.0,2.82,2.1381730922855446,0.0
3/24/2024 13:00,"(42.089797, -76.807734)",0.51,0.4,2.6,97585.97,0.0,0.0,2.82,2.0087610813709094,0.0
3/24/2024 14:00,"(42.089797, -76.807734)",1.48,0.37,2.4,97582.29,0.0,0.0,2.82,1.9856005603288336,0.0
3/24/2024 15:00,"(42.089797, -76.807734)",2.07,0.35,2.29,97566.88,0.0,0.0,2.82,1.9551232638080889,0.0
3/24/2024 16:00,"(42.089797, -76.807734)",2.49,0.34,2.11,97491.94,0.0,0.0,2.82,1.954025590385347,0.0
3/24/2024 17:00,"(42.089797, -76.807734)",2.75,0.32,2.0,97519.2,0.0,0.0,2.82,1.8716377484815183,0.0
3/24/2024 18:00,"(42.089797, -76.807734)",1.92,0.34,1.83,97507.1,0.0,0.0,2.82,1.8800328166328804,0.0
3/24/2024 19:00,"(42.089797, -76.807734)",1.45,0.35,2.42,97570.99,0.0,0.0,2.82,1.8744347949406361,0.0
3/24/2024 20:00,"(42.089797, -76.807734)",-0.43,0.42,2.52,97613.43,0.0,0.0,0.0,1.976791448935252,0.0
3/24/2024 21:00,"(42.089797, -76.807734)",-1.63,0.48,2.24,97689.9,0.0,0.0,0.0,2.078167471979843,0.0
3/24/2024 22:00,"(42.089797, -76.807734)",-2.46,0.52,2.27,97719.23,0.0,0.0,0.0,2.1239143733259627,0.0
3/24/2024 23:00,"(42.089797, -76.807734)",-2.29,0.53,2.33,97725.02,0.0,0.0,0.0,2.1908224874360704,0.0
3/25/2024 0:00,"(42.089797, -76.807734)",-2.76,0.57,1.96,97745.5,0.0,0.0,0.0,2.2793854787736265,0.0
3/25/2024 1:00,"(42.089797, -76.807734)",-3.14,0.59,1.85,97755.11,0.0,0.0,0.0,2.296780564862919,0.0
3/25/2024 2:00,"(42.089797, -76.807734)",-3.08,0.58,2.04,97730.63,0.0,0.0,0.0,2.267469711863951,0.0
3/25/2024 3:00,"(42.089797, -76.807734)",-3.28,0.58,1.84,97708.5,0.0,0.0,0.0,2.2355503343516494,0.0
3/25/2024 4:00,"(42.089797, -76.807734)",-3.27,0.58,2.37,97719.72,0.0,0.0,0.0,2.2371368661316837,0.0
3/25/2024 5:00,"(42.089797, -76.807734)",-3.08,0.58,2.63,97670.52,0.0,0.0,0.0,2.267469711863951,0.0
3/25/2024 6:00,"(42.089797, -76.807734)",-2.45,0.61,3.08,97637.12,0.0,0.0,0.0,2.4932707871244237,0.0
3/25/2024 7:00,"(42.089797, -76.807734)",-2.17,0.6,3.51,97666.54,0.0,0.0,0.0,2.5011916896219364,0.0
3/25/2024 8:00,"(42.089797, -76.807734)",-1.19,0.57,3.6,97692.68,0.0,0.0,0.0,2.5448190838165683,0.0
3/25/2024 9:00,"(42.089797, -76.807734)",0.38,0.52,3.7,97759.24,0.0,0.0,0.0,2.58815896824426,0.0
3/25/2024 10:00,"(42.089797, -76.807734)",3.38,0.41,4.11,97735.37,0.0,0.0,0.0,2.5017961092722403,0.0
3/25/2024 11:00,"(42.089797, -76.807734)",5.21,0.35,4.21,97745.56,0.0,0.0,0.0,2.4122712549925267,0.0
3/25/2024 12:00,"(42.089797, -76.807734)",6.64,0.32,3.94,97721.45,0.0,0.0,0.0,2.4225882651574118,0.0
3/25/2024 13:00,"(42.089797, -76.807734)",8.84,0.29,4.07,97633.77,0.0,0.0,0.0,2.5311438312178804,0.0
3/25/2024 14:00,"(42.089797, -76.807734)",9.97,0.27,4.12,97568.42,0.0,0.0,0.0,2.53271547718313,0.0
3/25/2024 15:00,"(42.089797, -76.807734)",10.93,0.27,4.07,97519.15,0.0,0.0,0.0,2.691245935270363,0.0
3/25/2024 16:00,"(42.089797, -76.807734)",11.96,0.25,4.39,97412.21,0.0,0.0,0.0,2.658211690494982,0.0
3/25/2024 17:00,"(42.089797, -76.807734)",12.62,0.24,4.7,97352.16,0.0,0.0,0.0,2.6589930377841258,0.0
3/25/2024 18:00,"(42.089797, -76.807734)",11.89,0.26,3.59,97231.73,0.0,0.0,0.0,2.75247506169225,0.0
3/25/2024 19:00,"(42.089797, -76.807734)",10.52,0.29,3.67,97261.29,0.0,0.0,0.0,2.8167747638964986,0.0
3/25/2024 20:00,"(42.089797, -76.807734)",8.41,0.36,3.99,97275.43,0.0,0.0,0.0,3.056557092124278,0.0
3/25/2024 21:00,"(42.089797, -76.807734)",7.36,0.41,4.32,97347.01,0.0,0.0,0.0,3.2528147284523765,0.0
3/25/2024 22:00,"(42.089797, -76.807734)",6.13,0.44,4.48,97350.04,0.0,0.0,0.0,3.221788131936374,0.0
3/25/2024 23:00,"(42.089797, -76.807734)",5.42,0.48,4.61,97290.84,0.0,0.0,0.0,3.3544180409504443,0.0
3/26/2024 0:00,"(42.089797, -76.807734)",4.72,0.5,4.51,97226.43,0.0,0.0,0.0,3.3361489041167163,0.0
3/26/2024 1:00,"(42.089797, -76.807734)",3.62,0.55,4.39,97314.04,0.0,0.0,0.0,3.410462900137384,0.0
3/26/2024 2:00,"(42.089797, -76.807734)",3.32,0.57,4.26,97249.66,0.0,0.0,0.0,3.464137098967591,0.0
3/26/2024 3:00,"(42.089797, -76.807734)",3.28,0.58,4.34,97189.82,0.0,0.0,0.0,3.5154627018057805,0.0
3/26/2024 4:00,"(42.089797, -76.807734)",2.81,0.59,4.04,97139.49,0.0,0.0,0.0,3.4648149330276636,0.0
3/26/2024 5:00,"(42.089797, -76.807734)",2.59,0.6,3.83,97086.53,0.0,0.0,0.0,3.4716465730520856,0.0
3/26/2024 6:00,"(42.089797, -76.807734)",2.49,0.57,3.86,97031.72,0.0,0.0,0.0,3.27586643094014,0.0
3/26/2024 7:00,"(42.089797, -76.807734)",2.53,0.56,4.09,97004.65,0.0,0.0,0.0,3.227102968122798,0.0
3/26/2024 8:00,"(42.089797, -76.807734)",2.86,0.51,3.77,96988.0,0.0,0.0,0.0,3.0051146303807825,0.0
3/26/2024 9:00,"(42.089797, -76.807734)",3.76,0.5,3.5,97019.19,0.0,0.0,0.0,3.1295892711407496,0.0
3/26/2024 10:00,"(42.089797, -76.807734)",5.77,0.48,3.91,97022.55,0.0,0.0,0.0,3.4326030635746316,0.0
3/26/2024 11:00,"(42.089797, -76.807734)",7.55,0.52,4.0,97074.73,0.0,0.0,0.0,4.176645850922811,0.0
3/26/2024 12:00,"(42.089797, -76.807734)",10.12,0.51,3.74,97011.97,0.0,0.0,0.0,4.829769035229421,0.0
3/26/2024 13:00,"(42.089797, -76.807734)",12.48,0.5,3.83,96951.47,0.0,0.0,0.0,5.491566808756311,0.0
3/26/2024 14:00,"(42.089797, -76.807734)",13.64,0.48,4.14,96776.58,0.0,0.0,0.0,5.664417200588642,0.0
3/26/2024 15:00,"(42.089797, -76.807734)",14.23,0.46,4.28,96672.17,0.0,0.0,0.0,5.628880467224368,0.0
3/26/2024 16:00,"(42.089797, -76.807734)",14.26,0.47,4.08,96567.31,0.0,0.0,0.0,5.761836046366771,0.0
3/26/2024 17:00,"(42.089797, -76.807734)",13.97,0.49,3.87,96465.02,0.0,0.0,0.0,5.901043396985717,0.0
3/26/2024 18:00,"(42.089797, -76.807734)",13.05,0.51,3.62,96387.58,0.0,0.0,0.0,5.803075994248388,0.0
3/26/2024 19:00,"(42.089797, -76.807734)",12.74,0.56,4.02,96421.17,0.0,0.0,0.0,6.250723511012652,0.0
3/26/2024 20:00,"(42.089797, -76.807734)",12.18,0.6,4.55,96390.03,0.0,0.0,0.0,6.467904960346947,0.0
3/26/2024 21:00,"(42.089797, -76.807734)",11.92,0.63,5.19,96437.96,0.03,0.0,0.0,6.6819743328677506,0.03
3/26/2024 22:00,"(42.089797, -76.807734)",10.6,0.71,5.59,96393.78,0.17,0.0,0.0,6.931188837350785,0.17
3/26/2024 23:00,"(42.089797, -76.807734)",9.48,0.74,5.93,96231.29,0.0,0.0,0.0,6.728463104443498,0.0
3/27/2024 0:00,"(42.089797, -76.807734)",8.67,0.76,5.66,96341.29,0.0,0.0,0.0,6.561418458479131,0.0
3/27/2024 1:00,"(42.089797, -76.807734)",8.03,0.79,5.54,96322.64,0.01,0.0,0.0,6.545259444872448,0.01
3/27/2024 2:00,"(42.089797, -76.807734)",7.88,0.79,5.38,96364.9,0.05,0.0,0.0,6.482186556679347,0.05
3/27/2024 3:00,"(42.089797, -76.807734)",7.56,0.79,5.13,96374.3,0.02,0.0,0.0,6.34939995128853,0.02
3/27/2024 4:00,"(42.089797, -76.807734)",7.24,0.8,4.68,96397.89,0.02,0.0,0.0,6.297713621155548,0.02
3/27/2024 5:00,"(42.089797, -76.807734)",6.92,0.82,4.54,96405.77,0.0,0.0,0.0,6.322228450029671,0.0
3/27/2024 6:00,"(42.089797, -76.807734)",6.39,0.83,4.39,96410.15,0.0,0.0,0.0,6.181796937833834,0.0
3/27/2024 7:00,"(42.089797, -76.807734)",6.19,0.84,4.15,96494.25,0.0,0.0,0.0,6.174914224808018,0.0
3/27/2024 8:00,"(42.089797, -76.807734)",6.39,0.83,3.78,96539.47,0.0,0.0,0.0,6.181796937833834,0.0
3/27/2024 9:00,"(42.089797, -76.807734)",7.55,0.77,4.08,96550.61,0.0,0.0,0.0,6.184648663866471,0.0
3/27/2024 10:00,"(42.089797, -76.807734)",9.09,0.72,3.78,96575.56,0.0,0.0,0.0,6.385605013193467,0.0
3/27/2024 11:00,"(42.089797, -76.807734)",10.99,0.67,3.52,96546.43,0.0,0.0,0.0,6.703559686195609,0.0
3/27/2024 12:00,"(42.089797, -76.807734)",12.59,0.63,3.88,96525.93,0.0,0.0,0.0,6.966857655278365,0.0
3/27/2024 13:00,"(42.089797, -76.807734)",13.2,0.58,4.4,96531.07,0.0,0.0,0.0,6.661113254605111,0.0
3/27/2024 14:00,"(42.089797, -76.807734)",13.48,0.56,3.86,96453.75,0.0,0.0,0.0,6.543615195388558,0.0
3/27/2024 15:00,"(42.089797, -76.807734)",13.66,0.56,4.5,96456.82,0.0,0.0,0.0,6.6166347975119635,0.0
3/27/2024 16:00,"(42.089797, -76.807734)",13.43,0.58,4.67,96495.79,0.0,0.0,0.0,6.756437144671364,0.0
3/27/2024 17:00,"(42.089797, -76.807734)",13.24,0.61,4.07,96506.63,0.0,0.0,0.0,7.023000396609019,0.0
3/27/2024 18:00,"(42.089797, -76.807734)",11.96,0.69,3.69,96512.01,0.0,0.0,0.0,7.33666426576615,0.0
3/27/2024 19:00,"(42.089797, -76.807734)",10.41,0.78,2.62,96491.21,0.01,0.0,0.0,7.52363800162787,0.01
3/27/2024 20:00,"(42.089797, -76.807734)",9.21,0.85,1.25,96547.55,0.01,0.0,0.0,7.596608570570046,0.01
3/27/2024 21:00,"(42.089797, -76.807734)",8.5,0.88,1.08,96657.44,0.05,0.0,0.0,7.514939533591663,0.05
3/27/2024 22:00,"(42.089797, -76.807734)",8.34,0.89,1.89,96714.41,0.05,0.0,0.0,7.522536815818364,0.05
3/27/2024 23:00,"(42.089797, -76.807734)",7.95,0.87,2.57,96696.08,0.03,0.0,0.0,7.1709522068071045,0.03
3/28/2024 0:00,"(42.089797, -76.807734)",7.46,0.82,2.65,96733.15,0.0,0.0,0.0,6.547952937532449,0.0
3/28/2024 1:00,"(42.089797, -76.807734)",6.75,0.78,2.67,96721.45,0.0,0.0,0.0,5.947582709125746,0.0
3/28/2024 2:00,"(42.089797, -76.807734)",6.2,0.75,2.68,96715.05,0.0,0.0,0.0,5.516928822426161,0.0
3/28/2024 3:00,"(42.089797, -76.807734)",5.72,0.72,2.88,96748.6,0.01,0.0,0.0,5.132005847878978,0.01
3/28/2024 4:00,"(42.089797, -76.807734)",5.09,0.68,2.99,96729.98,0.04,0.0,0.0,4.649684751271374,0.04
3/28/2024 5:00,"(42.089797, -76.807734)",4.72,0.65,3.01,96736.19,0.05,0.0,0.0,4.336993575351731,0.05
3/28/2024 6:00,"(42.089797, -76.807734)",3.49,0.69,2.82,96746.85,0.04,0.01,0.0,4.241497738521983,0.03
3/28/2024 7:00,"(42.089797, -76.807734)",3.01,0.68,2.74,96754.2,0.02,0.02,0.0,4.047479031716027,0.0
3/28/2024 8:00,"(42.089797, -76.807734)",2.63,0.68,2.37,96764.61,0.0,0.0,0.0,3.945169337363128,0.0
3/28/2024 9:00,"(42.089797, -76.807734)",2.8,0.69,2.48,96793.19,0.0,0.0,0.0,4.049342211868081,0.0
3/28/2024 10:00,"(42.089797, -76.807734)",3.71,0.63,2.37,96795.78,0.0,0.0,0.0,3.9301221033229825,0.0
3/28/2024 11:00,"(42.089797, -76.807734)",4.64,0.6,2.22,96776.77,0.0,0.0,0.0,3.9821901175479257,0.0
3/28/2024 12:00,"(42.089797, -76.807734)",5.67,0.56,2.72,96655.31,0.0,0.0,0.0,3.978454329470218,0.0
3/28/2024 13:00,"(42.089797, -76.807734)",6.42,0.53,2.35,96658.46,0.0,0.0,0.0,3.955163563561242,0.0
3/28/2024 14:00,"(42.089797, -76.807734)",7.14,0.49,2.96,96496.33,0.0,0.0,0.0,3.8323718386174646,0.0
3/28/2024 15:00,"(42.089797, -76.807734)",7.55,0.46,2.95,96443.11,0.0,0.0,0.0,3.694725175816333,0.0
3/28/2024 16:00,"(42.089797, -76.807734)",7.72,0.43,2.85,96418.48,0.0,0.0,0.0,3.4919775491853358,0.0
3/28/2024 17:00,"(42.089797, -76.807734)",8.08,0.4,2.98,96367.87,0.0,0.0,0.0,3.324760668344702,0.0
3/28/2024 18:00,"(42.089797, -76.807734)",6.94,0.39,2.45,96294.22,0.0,0.0,0.0,3.010831343439508,0.0
3/28/2024 19:00,"(42.089797, -76.807734)",6.24,0.43,2.46,96381.67,0.0,0.0,0.0,3.1713358283413484,0.0
3/28/2024 20:00,"(42.089797, -76.807734)",5.09,0.48,2.43,96368.25,0.0,0.0,0.0,3.282130412662146,0.0
3/28/2024 21:00,"(42.089797, -76.807734)",4.39,0.52,2.82,96324.88,0.0,0.0,0.0,3.394392227734677,0.0
3/28/2024 22:00,"(42.089797, -76.807734)",3.43,0.59,2.29,96396.11,0.0,0.0,0.0,3.6122344503307238,0.0
3/28/2024 23:00,"(42.089797, -76.807734)",2.84,0.61,2.57,96437.69,0.0,0.0,0.0,3.589513913376282,0.0
3/29/2024 0:00,"(42.089797, -76.807734)",2.26,0.6,2.89,96372.76,0.0,0.0,0.0,3.3950603195265883,0.0
3/29/2024 1:00,"(42.089797, -76.807734)",1.47,0.57,3.24,96367.11,0.0,0.0,0.0,3.0568145138374927,0.0
3/29/2024 2:00,"(42.089797, -76.807734)",1.11,0.53,3.31,96318.91,0.0,0.0,0.0,2.7733196998719416,0.0
3/29/2024 3:00,"(42.089797, -76.807734)",0.64,0.55,3.2,96268.87,0.0,0.0,0.0,2.7868103439188134,0.0
3/29/2024 4:00,"(42.089797, -76.807734)",0.13,0.58,3.26,96200.18,0.0,0.0,0.0,2.837531787641985,0.0
3/29/2024 5:00,"(42.089797, -76.807734)",-0.06,0.6,3.14,96146.65,0.0,0.0,0.0,2.8971602430944436,0.0
3/29/2024 6:00,"(42.089797, -76.807734)",-0.55,0.65,2.47,96139.73,0.0,0.0,0.0,3.0339910062015467,0.0
3/29/2024 7:00,"(42.089797, -76.807734)",-0.81,0.68,2.49,96125.15,0.0,0.0,0.0,3.1172684217874647,0.0
3/29/2024 8:00,"(42.089797, -76.807734)",0.23,0.67,2.46,96111.87,0.0,0.0,0.0,3.300497329722857,0.0
3/29/2024 9:00,"(42.089797, -76.807734)",2.08,0.63,2.86,96110.12,0.0,0.0,0.0,3.521608628797737,0.0
3/29/2024 10:00,"(42.089797, -76.807734)",4.28,0.54,3.61,96050.1,0.0,0.0,0.0,3.499245087783164,0.0
3/29/2024 11:00,"(42.089797, -76.807734)",5.17,0.48,4.6,96025.01,0.0,0.0,0.0,3.2995284966526714,0.0
3/29/2024 12:00,"(42.089797, -76.807734)",5.22,0.47,4.9,96016.07,0.0,0.0,0.0,3.2414756116847334,0.0
3/29/2024 13:00,"(42.089797, -76.807734)",4.9,0.48,5.36,96031.36,0.0,0.0,0.0,3.2411309214919757,0.0
3/29/2024 14:00,"(42.089797, -76.807734)",4.7,0.49,5.72,96031.03,0.0,0.0,0.0,3.265092398518531,0.0
3/29/2024 15:00,"(42.089797, -76.807734)",4.89,0.47,6.07,96020.03,0.0,0.0,0.0,3.1715066449775384,0.0
3/29/2024 16:00,"(42.089797, -76.807734)",4.95,0.46,6.33,96050.97,0.0,0.0,0.0,3.1163817627392802,0.0
3/29/2024 17:00,"(42.089797, -76.807734)",5.14,0.45,6.33,96058.12,0.0,0.0,0.0,3.0871826192161596,0.0
3/29/2024 18:00,"(42.089797, -76.807734)",3.76,0.5,5.02,96086.17,0.0,0.0,0.0,3.1295892711407496,0.0
3/29/2024 19:00,"(42.089797, -76.807734)",3.38,0.52,4.69,96143.27,0.0,0.0,0.0,3.1730096995647923,0.0
3/29/2024 20:00,"(42.089797, -76.807734)",3.01,0.56,4.28,96145.73,0.0,0.0,0.0,3.333218026119082,0.0
3/29/2024 21:00,"(42.089797, -76.807734)",2.64,0.6,4.46,96207.71,0.0,0.0,0.0,3.483381535303346,0.0
3/29/2024 22:00,"(42.089797, -76.807734)",2.37,0.63,4.64,96222.81,0.0,0.0,0.0,3.591444136926968,0.0
3/29/2024 23:00,"(42.089797, -76.807734)",2.3,0.64,4.47,96179.64,0.0,0.0,0.0,3.6312149168170453,0.0
3/30/2024 0:00,"(42.089797, -76.807734)",2.04,0.65,4.55,96176.59,0.01,0.0,0.0,3.6235644020345346,0.01
3/30/2024 1:00,"(42.089797, -76.807734)",1.53,0.67,4.78,96201.0,0.01,0.01,0.0,3.6078149130863726,0.0
3/30/2024 2:00,"(42.089797, -76.807734)",1.18,0.66,4.68,96191.59,0.0,0.0,0.0,3.470126393610261,0.0
3/30/2024 3:00,"(42.089797, -76.807734)",0.96,0.65,4.78,96146.12,0.01,0.01,0.0,3.366525852244167,0.0
3/30/2024 4:00,"(42.089797, -76.807734)",0.48,0.65,4.81,96142.91,0.0,0.0,0.0,3.2575154586830566,0.0
3/30/2024 5:00,"(42.089797, -76.807734)",0.15,0.65,4.71,96129.46,0.0,0.0,0.0,3.1843783985663565,0.0
3/30/2024 6:00,"(42.089797, -76.807734)",0.06,0.64,3.9,96134.62,0.0,0.0,0.0,3.115996210792348,0.0
3/30/2024 7:00,"(42.089797, -76.807734)",-0.22,0.65,3.78,96147.84,0.0,0.0,0.0,3.1040928135689123,0.0
3/30/2024 8:00,"(42.089797, -76.807734)",0.15,0.64,3.56,96189.82,0.0,0.0,0.0,3.1353879616653355,0.0
3/30/2024 9:00,"(42.089797, -76.807734)",1.14,0.62,3.91,96174.42,0.0,0.0,0.0,3.25091919079865,0.0
3/30/2024 10:00,"(42.089797, -76.807734)",3.31,0.54,3.77,96134.4,0.0,0.0,0.0,3.2796128822644737,0.0
3/30/2024 11:00,"(42.089797, -76.807734)",4.48,0.49,3.49,96109.31,0.0,0.0,0.0,3.2177539812024696,0.0
3/30/2024 12:00,"(42.089797, -76.807734)",6.28,0.43,3.33,96047.91,0.0,0.0,0.0,3.1796514603092527,0.0
3/30/2024 13:00,"(42.089797, -76.807734)",8.46,0.37,2.92,95974.36,0.0,0.0,0.0,3.15157734390902,0.0
3/30/2024 14:00,"(42.089797, -76.807734)",9.54,0.33,2.8,95874.02,0.0,0.0,0.0,3.0120265894069473,0.0
3/30/2024 15:00,"(42.089797, -76.807734)",10.29,0.32,2.98,95824.08,0.0,0.0,0.0,3.063265926088994,0.0
3/30/2024 16:00,"(42.089797, -76.807734)",10.31,0.33,2.86,95766.15,0.0,0.0,0.0,3.1629960417739076,0.0
3/30/2024 17:00,"(42.089797, -76.807734)",10.44,0.35,2.62,95726.12,0.02,0.0,0.0,3.3824039078472445,0.02
3/30/2024 18:00,"(42.089797, -76.807734)",8.16,0.52,2.7,95733.01,0.09,0.0,0.0,4.344537327971504,0.09
3/30/2024 19:00,"(42.089797, -76.807734)",7.26,0.62,2.29,95726.11,0.21,0.0,0.0,4.887070478022892,0.21
3/30/2024 20:00,"(42.089797, -76.807734)",6.7,0.71,2.46,95717.92,0.26,0.0,0.0,5.396200879922769,0.26
3/30/2024 21:00,"(42.089797, -76.807734)",6.28,0.77,2.52,95747.35,0.35,0.0,0.0,5.693794475437499,0.35
3/30/2024 22:00,"(42.089797, -76.807734)",5.69,0.83,2.72,95779.32,0.28,0.0,0.0,5.904400823049092,0.28
3/30/2024 23:00,"(42.089797, -76.807734)",5.38,0.84,2.64,95781.15,0.13,0.0,0.0,5.8547693136250984,0.13
3/31/2024 0:00,"(42.089797, -76.807734)",4.6,0.86,2.32,95788.47,0.01,0.0,0.0,5.692673461187462,0.01
3/31/2024 1:00,"(42.089797, -76.807734)",4.08,0.86,2.24,95813.07,0.0,0.0,0.0,5.499120537250861,0.0
3/31/2024 2:00,"(42.089797, -76.807734)",3.44,0.86,1.88,95832.87,0.0,0.0,0.0,5.268821301302444,0.0
3/31/2024 3:00,"(42.089797, -76.807734)",2.93,0.86,2.51,95867.73,0.0,0.0,0.0,5.09138873893412,0.0
3/31/2024 4:00,"(42.089797, -76.807734)",2.37,0.88,2.72,95926.1,0.0,0.0,0.0,5.016620381739257,0.0
3/31/2024 5:00,"(42.089797, -76.807734)",2.6,0.89,2.79,96002.0,0.0,0.0,0.0,5.153086341905473,0.0
3/31/2024 6:00,"(42.089797, -76.807734)",3.16,0.86,2.95,96079.9,0.0,0.0,0.0,5.1707490634510895,0.0
3/31/2024 7:00,"(42.089797, -76.807734)",3.25,0.85,2.9,96136.75,0.0,0.0,0.0,5.141607069392993,0.0
3/31/2024 8:00,"(42.089797, -76.807734)",3.45,0.83,2.83,96224.41,0.0,0.0,0.0,5.088434462185756,0.0
3/31/2024 9:00,"(42.089797, -76.807734)",3.67,0.81,3.37,96273.41,0.0,0.0,0.0,5.039513335358787,0.0
3/31/2024 10:00,"(42.089797, -76.807734)",4.47,0.75,3.43,96315.4,0.0,0.0,0.0,4.921862094183329,0.0
3/31/2024 11:00,"(42.089797, -76.807734)",5.04,0.72,2.96,96380.25,0.0,0.0,0.0,4.9069460546656725,0.0
3/31/2024 12:00,"(42.089797, -76.807734)",5.34,0.69,2.6,96367.76,0.0,0.0,0.0,4.7966028931648355,0.0
3/31/2024 13:00,"(42.089797, -76.807734)",6.81,0.63,2.65,96401.84,0.0,0.0,0.0,4.822641903384636,0.0
3/31/2024 14:00,"(42.089797, -76.807734)",7.91,0.56,2.65,96378.68,0.0,0.0,0.0,4.603879485573258,0.0
3/31/2024 15:00,"(42.089797, -76.807734)",9.18,0.53,3.45,96389.39,0.0,0.0,0.0,4.727637670534605,0.0
3/31/2024 16:00,"(42.089797, -76.807734)",10.1,0.5,3.27,96332.27,0.0,0.0,0.0,4.729065679051653,0.0
3/31/2024 17:00,"(42.089797, -76.807734)",10.82,0.47,2.74,96320.17,0.0,0.0,0.0,4.652397178169904,0.0
3/31/2024 18:00,"(42.089797, -76.807734)",9.71,0.48,2.11,96321.62,0.0,0.0,0.0,4.428809338181359,0.0
3/31/2024 19:00,"(42.089797, -76.807734)",8.49,0.59,1.41,96358.71,0.0,0.0,0.0,5.035188357719751,0.0
3/31/2024 20:00,"(42.089797, -76.807734)",6.15,0.65,1.61,96371.62,0.0,0.0,0.0,4.76570182251649,0.0
3/31/2024 21:00,"(42.089797, -76.807734)",5.39,0.68,0.21,96376.35,0.0,0.0,0.0,4.742701721416734,0.0
3/31/2024 22:00,"(42.089797, -76.807734)",4.6,0.71,0.49,96437.18,0.0,0.0,0.0,4.699765299352438,0.0
3/31/2024 23:00,"(42.089797, -76.807734)",3.53,0.77,0.31,96409.06,0.0,0.0,0.0,4.7459651027348375,0.0
4/1/2024 0:00,"(42.089797, -76.807734)",2.78,0.81,0.36,96391.67,0.0,0.0,0.0,4.747172941717397,0.0
4/1/2024 1:00,"(42.089797, -76.807734)",2.68,0.82,0.62,96433.48,0.0,0.0,0.0,4.7734858128663715,0.0
4/1/2024 2:00,"(42.089797, -76.807734)",3.19,0.8,0.68,96368.84,0.0,0.0,0.0,4.819702148921544,0.0
4/1/2024 3:00,"(42.089797, -76.807734)",3.4,0.79,0.92,96342.39,0.0,0.0,0.0,4.8270029643881625,0.0
4/1/2024 4:00,"(42.089797, -76.807734)",3.38,0.79,0.73,96315.17,0.0,0.0,0.0,4.8205339666465115,0.0
4/1/2024 5:00,"(42.089797, -76.807734)",3.22,0.78,0.78,96273.74,0.0,0.0,0.0,4.7086867383334505,0.0
4/1/2024 6:00,"(42.089797, -76.807734)",2.88,0.86,0.62,96283.5,0.0,0.0,0.0,5.074278277131066,0.0
4/1/2024 7:00,"(42.089797, -76.807734)",3.07,0.84,0.91,96295.79,0.04,0.0,0.0,5.020042202431465,0.04
4/1/2024 8:00,"(42.089797, -76.807734)",3.33,0.81,1.86,96272.78,0.09,0.0,0.0,4.926024897093758,0.09
4/1/2024 9:00,"(42.089797, -76.807734)",4.11,0.85,1.58,96269.48,0.13,0.0,0.0,5.446057250142545,0.13
4/1/2024 10:00,"(42.089797, -76.807734)",6.53,0.78,1.0,96319.76,0.1,0.0,0.0,5.862800710050175,0.1
4/1/2024 11:00,"(42.089797, -76.807734)",7.8,0.72,0.67,96384.42,0.05,0.0,0.0,5.877355359647471,0.05
4/1/2024 12:00,"(42.089797, -76.807734)",9.09,0.68,0.94,96321.56,0.02,0.0,0.0,6.030849179127165,0.02
4/1/2024 13:00,"(42.089797, -76.807734)",10.48,0.61,1.47,96253.28,0.0,0.0,0.0,5.909976967652212,0.0
4/1/2024 14:00,"(42.089797, -76.807734)",11.16,0.61,0.97,96277.02,0.0,0.0,0.0,6.168872467817559,0.0
4/1/2024 15:00,"(42.089797, -76.807734)",12.49,0.58,1.06,96236.29,0.0,0.0,0.0,6.374180857862005,0.0
4/1/2024 16:00,"(42.089797, -76.807734)",12.34,0.59,0.73,96209.73,0.0,0.0,0.0,6.423833402636901,0.0
4/1/2024 17:00,"(42.089797, -76.807734)",12.06,0.64,0.65,96235.63,0.01,0.0,0.0,6.847644910595455,0.01
4/1/2024 18:00,"(42.089797, -76.807734)",11.45,0.66,1.2,96261.21,0.0,0.0,0.0,6.797188084273366,0.0
4/1/2024 19:00,"(42.089797, -76.807734)",10.35,0.68,1.24,96382.12,0.0,0.0,0.0,6.534213551313159,0.0
4/1/2024 20:00,"(42.089797, -76.807734)",9.58,0.67,1.36,96411.9,0.0,0.0,0.0,6.130929839529201,0.0
4/1/2024 21:00,"(42.089797, -76.807734)",8.02,0.71,1.66,96413.15,0.0,0.0,0.0,5.878654405311372,0.0
4/1/2024 22:00,"(42.089797, -76.807734)",6.38,0.75,2.35,96471.93,0.0,0.0,0.0,5.582309100189592,0.0
4/1/2024 23:00,"(42.089797, -76.807734)",5.43,0.76,2.16,96435.65,0.0,0.0,0.0,5.314664353316947,0.0
4/2/2024 0:00,"(42.089797, -76.807734)",4.75,0.76,2.05,96375.12,0.0,0.0,0.0,5.081043040611866,0.0
4/2/2024 1:00,"(42.089797, -76.807734)",4.55,0.76,2.35,96316.91,1.16,0.0,0.0,5.014062287174697,1.16
4/2/2024 2:00,"(42.089797, -76.807734)",4.67,0.8,1.45,96410.12,1.19,0.0,0.0,5.3201657506409825,1.19
4/2/2024 3:00,"(42.089797, -76.807734)",4.55,0.84,1.81,96344.0,0.81,0.0,0.0,5.541858317403613,0.81
4/2/2024 4:00,"(42.089797, -76.807734)",4.57,0.84,1.56,96301.76,0.87,0.0,0.0,5.549222855750892,0.87
4/2/2024 5:00,"(42.089797, -76.807734)",4.37,0.86,2.12,96301.28,0.68,0.0,0.0,5.606341088300876,0.68
4/2/2024 6:00,"(42.089797, -76.807734)",4.4,0.87,1.88,96253.86,0.65,0.0,0.0,5.682856698617153,0.65
4/2/2024 7:00,"(42.089797, -76.807734)",4.57,0.88,2.2,96217.97,0.67,0.0,0.0,5.8134715631676,0.67
4/2/2024 8:00,"(42.089797, -76.807734)",5.07,0.87,2.71,96177.42,0.69,0.0,0.0,5.941000608519918,0.69
4/2/2024 9:00,"(42.089797, -76.807734)",5.55,0.88,3.1,96126.86,0.87,0.0,0.0,6.202670139909742,0.87
4/2/2024 10:00,"(42.089797, -76.807734)",6.3,0.89,4.07,96047.56,1.16,0.0,0.0,6.589759548140317,1.16
4/2/2024 11:00,"(42.089797, -76.807734)",6.68,0.89,4.47,96000.14,1.28,0.0,0.0,6.755432373592458,1.28
4/2/2024 12:00,"(42.089797, -76.807734)",7.0,0.9,4.5,95983.07,1.58,0.0,0.0,6.975257356453183,1.58
4/2/2024 13:00,"(42.089797, -76.807734)",6.89,0.91,4.8,95904.34,2.19,0.0,0.0,7.002438693770972,2.19
4/2/2024 14:00,"(42.089797, -76.807734)",6.65,0.91,4.73,95807.68,2.8,0.0,0.0,6.893732650179937,2.8
4/2/2024 15:00,"(42.089797, -76.807734)",6.6,0.9,4.46,95841.14,1.7,0.0,0.0,6.7957634112076,1.7
4/2/2024 16:00,"(42.089797, -76.807734)",6.53,0.9,4.78,95818.7,1.0,0.0,0.0,6.764770050057894,1.0
4/2/2024 17:00,"(42.089797, -76.807734)",6.65,0.9,4.8,95819.75,0.35,0.0,0.0,6.817977346331807,0.35
4/2/2024 18:00,"(42.089797, -76.807734)",6.07,0.92,3.98,95845.41,0.37,0.0,0.0,6.710021853366638,0.37
4/2/2024 19:00,"(42.089797, -76.807734)",5.85,0.92,4.51,95816.3,0.61,0.0,0.0,6.6138336084179015,0.61
4/2/2024 20:00,"(42.089797, -76.807734)",5.71,0.92,5.04,95792.4,0.53,0.0,0.0,6.553251895297644,0.53
4/2/2024 21:00,"(42.089797, -76.807734)",5.57,0.92,5.38,95778.83,0.33,0.0,0.0,6.493155471031939,0.33
4/2/2024 22:00,"(42.089797, -76.807734)",5.55,0.91,5.5,95762.55,0.16,0.0,0.0,6.414124803770302,0.16
4/2/2024 23:00,"(42.089797, -76.807734)",5.51,0.9,5.45,95678.72,0.13,0.0,0.0,6.326948744908117,0.13
4/3/2024 0:00,"(42.089797, -76.807734)",5.33,0.9,5.31,95628.05,0.36,0.0,0.0,6.252312365585072,0.36
4/3/2024 1:00,"(42.089797, -76.807734)",5.29,0.89,5.22,95579.64,0.52,0.0,0.0,6.166544355423598,0.52
4/3/2024 2:00,"(42.089797, -76.807734)",5.27,0.89,5.59,95483.19,0.3,0.0,0.0,6.158409505381645,0.3
4/3/2024 3:00,"(42.089797, -76.807734)",5.48,0.89,5.65,95421.94,1.1,0.0,0.0,6.244294940852364,1.1
4/3/2024 4:00,"(42.089797, -76.807734)",5.4,0.9,5.66,95267.27,2.85,0.0,0.0,6.281245702184435,2.85
4/3/2024 5:00,"(42.089797, -76.807734)",5.32,0.9,5.49,95298.36,3.86,0.0,0.0,6.248188552815658,3.86
4/3/2024 6:00,"(42.089797, -76.807734)",5.03,0.91,5.1,95210.61,2.76,0.0,0.0,6.197734184853949,2.76
4/3/2024 7:00,"(42.089797, -76.807734)",5.01,0.9,5.95,95197.82,2.3,0.0,0.0,6.121523540110635,2.3
4/3/2024 8:00,"(42.089797, -76.807734)",4.99,0.9,5.8,95201.95,1.04,0.0,0.0,6.113429229368851,1.04
4/3/2024 9:00,"(42.089797, -76.807734)",5.06,0.9,5.75,95147.52,1.01,0.0,0.0,6.141800308529663,1.01
4/3/2024 10:00,"(42.089797, -76.807734)",4.98,0.91,5.92,95142.98,1.31,0.0,0.0,6.177267645032871,1.31
4/3/2024 11:00,"(42.089797, -76.807734)",4.88,0.91,6.56,95030.73,1.93,0.0,0.0,6.136511705972105,1.93
4/3/2024 12:00,"(42.089797, -76.807734)",4.77,0.9,7.0,94821.37,1.41,0.0,0.0,6.025007294112385,1.41
4/3/2024 13:00,"(42.089797, -76.807734)",4.68,0.89,5.83,94832.82,0.36,0.0,0.0,5.922611969219738,0.36
4/3/2024 14:00,"(42.089797, -76.807734)",4.54,0.88,4.2,94909.23,1.08,0.0,0.0,5.801902075296617,1.08
4/3/2024 15:00,"(42.089797, -76.807734)",4.36,0.88,4.91,94834.71,4.7,0.78,0.0,5.732906960189592,3.92
4/3/2024 16:00,"(42.089797, -76.807734)",4.03,0.89,4.9,94706.03,0.56,0.0,0.0,5.672007930153158,0.56
4/3/2024 17:00,"(42.089797, -76.807734)",3.88,0.91,4.13,94614.08,0.97,0.0,0.0,5.7417024879693175,0.97
4/3/2024 18:00,"(42.089797, -76.807734)",2.95,0.92,2.74,94612.36,2.07,0.05,0.0,5.453938707410571,2.02
4/3/2024 19:00,"(42.089797, -76.807734)",2.56,0.93,2.52,94600.22,2.6,0.75,0.0,5.370164446995708,1.85
4/3/2024 20:00,"(42.089797, -76.807734)",2.73,0.93,2.13,94633.04,1.23,0.53,0.0,5.4321176195290315,0.7
4/3/2024 21:00,"(42.089797, -76.807734)",2.72,0.93,1.87,94653.46,0.53,0.08,0.0,5.428456069785524,0.45
4/3/2024 22:00,"(42.089797, -76.807734)",2.57,0.93,1.9,94689.93,0.74,0.22,0.0,5.373791548771215,0.52
4/3/2024 23:00,"(42.089797, -76.807734)",2.36,0.93,2.01,94622.17,1.4,0.96,0.0,5.298071203439342,0.43999999999999995
4/4/2024 0:00,"(42.089797, -76.807734)",2.11,0.94,2.45,94637.18,1.63,1.31,0.0,5.26515993061737,0.31999999999999984
4/4/2024 1:00,"(42.089797, -76.807734)",1.79,0.94,2.96,94629.23,1.19,0.97,3.63,5.152043779231973,0.21999999999999997
4/4/2024 2:00,"(42.089797, -76.807734)",1.26,0.94,2.72,94611.83,1.07,0.89,8.58,4.969374849049056,0.18000000000000005
4/4/2024 3:00,"(42.089797, -76.807734)",1.21,0.95,2.05,94559.06,0.72,0.43,10.0,5.00512416301981,0.29
4/4/2024 4:00,"(42.089797, -76.807734)",1.04,0.96,1.69,94557.66,0.5,0.33,10.0,4.999387297007314,0.16999999999999998
4/4/2024 5:00,"(42.089797, -76.807734)",0.95,0.96,1.43,94520.48,0.3,0.19,10.0,4.968697971495309,0.10999999999999999
4/4/2024 6:00,"(42.089797, -76.807734)",1.32,0.95,0.83,94515.6,0.21,0.14,10.0,5.042847896545943,0.06999999999999998
4/4/2024 7:00,"(42.089797, -76.807734)",1.52,0.94,0.89,94507.74,0.15,0.12,10.0,5.058264013032589,0.03
4/4/2024 8:00,"(42.089797, -76.807734)",1.46,0.94,0.98,94520.14,0.13,0.11,10.0,5.0376283937959405,0.020000000000000004
4/4/2024 9:00,"(42.089797, -76.807734)",1.63,0.9,1.31,94560.35,0.19,0.17,10.0,4.879425101406086,0.01999999999999999
4/4/2024 10:00,"(42.089797, -76.807734)",1.87,0.89,1.26,94559.55,0.2,0.15,10.0,4.904582956535729,0.05000000000000002
4/4/2024 11:00,"(42.089797, -76.807734)",2.42,0.83,0.98,94601.03,0.19,0.09,10.0,4.747608605493456,0.1
4/4/2024 12:00,"(42.089797, -76.807734)",2.71,0.82,1.18,94653.54,0.13,0.03,10.0,4.783154062911751,0.1
4/4/2024 13:00,"(42.089797, -76.807734)",3.87,0.76,1.34,94656.84,0.1,0.0,8.58,4.792066719091917,0.1
4/4/2024 14:00,"(42.089797, -76.807734)",4.8,0.72,0.76,94646.4,0.08,0.0,8.58,4.829598890418082,0.08
4/4/2024 15:00,"(42.089797, -76.807734)",5.39,0.69,1.09,94660.52,0.2,0.0,3.63,4.812447334966979,0.2
4/4/2024 16:00,"(42.089797, -76.807734)",4.59,0.73,1.94,94678.97,0.18,0.0,3.63,4.828946479463339,0.18
4/4/2024 17:00,"(42.089797, -76.807734)",3.7,0.81,2.59,94725.63,0.2,0.0,3.63,5.049635970430545,0.2
4/4/2024 18:00,"(42.089797, -76.807734)",3.67,0.82,2.41,94806.94,0.56,0.0,3.63,5.101729549375561,0.56
4/4/2024 19:00,"(42.089797, -76.807734)",3.12,0.84,2.93,94886.99,0.15,0.0,3.63,5.036942784371381,0.15
4/4/2024 20:00,"(42.089797, -76.807734)",2.18,0.9,2.8,94960.19,0.09,0.0,0.0,5.0650775215626584,0.09
4/4/2024 21:00,"(42.089797, -76.807734)",1.68,0.93,2.76,95078.93,0.07,0.02,0.0,5.059254325314903,0.05
4/4/2024 22:00,"(42.089797, -76.807734)",1.23,0.94,2.92,95132.41,0.06,0.05,0.0,4.959207045829868,0.009999999999999995
4/4/2024 23:00,"(42.089797, -76.807734)",1.2,0.93,2.83,95141.1,0.1,0.1,0.0,4.896407935136915,0.0
4/5/2024 0:00,"(42.089797, -76.807734)",1.14,0.93,2.97,95163.14,0.13,0.13,0.0,4.876378786197976,0.0
4/5/2024 1:00,"(42.089797, -76.807734)",0.93,0.93,3.55,95199.36,0.13,0.12,0.0,4.806841201245623,0.010000000000000009
4/5/2024 2:00,"(42.089797, -76.807734)",0.84,0.9,3.88,95206.92,0.13,0.12,0.0,4.623199864153357,0.010000000000000009
4/5/2024 3:00,"(42.089797, -76.807734)",0.63,0.88,3.83,95214.73,0.18,0.18,0.0,4.455837669425506,0.0
4/5/2024 4:00,"(42.089797, -76.807734)",0.39,0.87,3.5,95236.64,0.1,0.1,0.0,4.333167955114882,0.0
4/5/2024 5:00,"(42.089797, -76.807734)",0.38,0.85,3.25,95249.46,0.09,0.09,0.0,4.230644467322349,0.0
4/5/2024 6:00,"(42.089797, -76.807734)",0.15,0.87,3.4,95340.16,0.08,0.08,0.0,4.262168010388816,0.0
4/5/2024 7:00,"(42.089797, -76.807734)",0.13,0.86,3.49,95379.43,0.05,0.04,0.0,4.207374719607082,0.010000000000000002
4/5/2024 8:00,"(42.089797, -76.807734)",0.2,0.84,4.41,95416.51,0.15,0.14,0.0,4.129396471961931,0.009999999999999981
4/5/2024 9:00,"(42.089797, -76.807734)",0.72,0.78,5.05,95442.71,0.15,0.15,0.0,3.973952830375385,0.0
4/5/2024 10:00,"(42.089797, -76.807734)",1.42,0.75,5.4,95458.0,0.18,0.14,0.0,4.008440693914878,0.03999999999999998
4/5/2024 11:00,"(42.089797, -76.807734)",2.3,0.72,5.27,95475.04,0.18,0.07,0.0,4.085116781419177,0.10999999999999999
4/5/2024 12:00,"(42.089797, -76.807734)",2.64,0.68,5.28,95506.18,0.22,0.07,0.0,3.9478324066771258,0.15
4/5/2024 13:00,"(42.089797, -76.807734)",3.08,0.67,5.59,95550.74,0.16,0.07,0.0,4.006774154049593,0.09
4/5/2024 14:00,"(42.089797, -76.807734)",3.17,0.69,5.68,95558.87,0.18,0.07,0.0,4.15141222692121,0.10999999999999999
4/5/2024 15:00,"(42.089797, -76.807734)",3.1,0.7,5.64,95593.18,0.21,0.08,0.0,4.191813820813529,0.13
4/5/2024 16:00,"(42.089797, -76.807734)",3.19,0.69,5.52,95608.09,0.29,0.09,0.0,4.156993103444831,0.19999999999999998
4/5/2024 17:00,"(42.089797, -76.807734)",2.78,0.74,5.54,95673.03,0.15,0.02,0.0,4.3369234282356475,0.13
4/5/2024 18:00,"(42.089797, -76.807734)",2.12,0.8,4.29,95747.39,0.3,0.03,0.0,4.484025180628452,0.27
4/5/2024 19:00,"(42.089797, -76.807734)",1.95,0.84,4.29,95817.33,0.09,0.02,0.0,4.654254876761994,0.06999999999999999
4/5/2024 20:00,"(42.089797, -76.807734)",1.68,0.89,4.08,95894.86,0.05,0.02,0.0,4.841651988742219,0.030000000000000002
4/5/2024 21:00,"(42.089797, -76.807734)",1.59,0.89,3.91,95904.52,0.02,0.02,0.0,4.812090340915795,0.0
4/5/2024 22:00,"(42.089797, -76.807734)",1.88,0.87,4.05,95913.83,0.02,0.02,0.0,4.797624650182148,0.0
4/5/2024 23:00,"(42.089797, -76.807734)",1.9,0.86,4.2,95950.01,0.02,0.02,0.0,4.748924495865966,0.0
4/6/2024 0:00,"(42.089797, -76.807734)",2.07,0.84,4.26,95928.15,0.06,0.06,0.0,4.692295833139413,0.0
4/6/2024 1:00,"(42.089797, -76.807734)",2.29,0.86,4.33,95944.15,0.1,0.1,0.0,4.876144131635068,0.0
4/6/2024 2:00,"(42.089797, -76.807734)",2.49,0.87,4.41,95956.2,0.11,0.09,0.0,5.000006657750741,0.020000000000000004
4/6/2024 3:00,"(42.089797, -76.807734)",2.77,0.88,4.35,95933.37,0.09,0.03,0.0,5.153947523264671,0.06
4/6/2024 4:00,"(42.089797, -76.807734)",2.74,0.9,4.4,95975.81,0.05,0.01,0.0,5.2604335465314565,0.04
4/6/2024 5:00,"(42.089797, -76.807734)",2.78,0.9,4.46,95989.76,0.11,0.01,0.0,5.274636601908219,0.1
4/6/2024 6:00,"(42.089797, -76.807734)",2.8,0.88,4.43,96069.72,0.12,0.01,0.0,5.164378473107119,0.11
4/6/2024 7:00,"(42.089797, -76.807734)",2.69,0.88,4.8,96151.09,0.12,0.02,0.0,5.126221781419412,0.09999999999999999
4/6/2024 8:00,"(42.089797, -76.807734)",2.79,0.88,4.55,96200.15,0.09,0.01,0.0,5.160899438139146,0.08
4/6/2024 9:00,"(42.089797, -76.807734)",2.77,0.88,5.53,96250.06,0.2,0.04,0.0,5.153947523264671,0.16
4/6/2024 10:00,"(42.089797, -76.807734)",3.82,0.81,5.59,96297.13,0.27,0.02,0.0,5.0903046154877245,0.25
4/6/2024 11:00,"(42.089797, -76.807734)",4.94,0.72,6.33,96310.09,0.18,0.0,0.0,4.874587491432252,0.18
4/6/2024 12:00,"(42.089797, -76.807734)",5.81,0.67,6.79,96291.38,0.13,0.0,0.0,4.803954500512179,0.13
4/6/2024 13:00,"(42.089797, -76.807734)",6.74,0.61,7.0,96278.32,0.2,0.0,0.0,4.648282815186491,0.2
4/6/2024 14:00,"(42.089797, -76.807734)",7.76,0.57,7.05,96235.63,0.15,0.0,0.0,4.640889862500865,0.15
4/6/2024 15:00,"(42.089797, -76.807734)",8.05,0.54,6.9,96242.31,0.03,0.0,0.0,4.479750770895397,0.03
4/6/2024 16:00,"(42.089797, -76.807734)",8.82,0.48,6.63,96253.78,0.01,0.0,0.0,4.184112824861342,0.01
4/6/2024 17:00,"(42.089797, -76.807734)",8.74,0.48,6.27,96286.52,0.0,0.0,0.0,4.162706202774728,0.0
4/6/2024 18:00,"(42.089797, -76.807734)",8.59,0.45,5.23,96367.13,0.0,0.0,0.0,3.865149296793928,0.0
4/6/2024 19:00,"(42.089797, -76.807734)",8.13,0.47,4.54,96398.07,0.0,0.0,0.0,3.919207870333445,0.0
4/6/2024 20:00,"(42.089797, -76.807734)",7.58,0.5,3.66,96501.4,0.0,0.0,0.0,4.023815852127242,0.0
4/6/2024 21:00,"(42.089797, -76.807734)",7.14,0.54,3.0,96564.09,0.0,0.0,0.0,4.223430189496799,0.0
4/6/2024 22:00,"(42.089797, -76.807734)",6.44,0.59,2.71,96582.31,0.0,0.0,0.0,4.408678503196146,0.0
4/6/2024 23:00,"(42.089797, -76.807734)",6.18,0.61,2.44,96617.13,0.0,0.0,0.0,4.481227373907882,0.0
4/7/2024 0:00,"(42.089797, -76.807734)",5.97,0.62,2.21,96647.1,0.0,0.0,0.0,4.492405123235994,0.0
4/7/2024 1:00,"(42.089797, -76.807734)",5.38,0.63,2.12,96609.3,0.0,0.0,0.0,4.391076985218823,0.0
4/7/2024 2:00,"(42.089797, -76.807734)",4.81,0.66,2.04,96653.42,0.0,0.0,0.0,4.4300669252309515,0.0
4/7/2024 3:00,"(42.089797, -76.807734)",4.21,0.68,2.12,96634.14,0.0,0.0,0.0,4.3859692199066895,0.0
4/7/2024 4:00,"(42.089797, -76.807734)",3.54,0.71,2.23,96645.59,0.0,0.0,0.0,4.379081416544495,0.0
4/7/2024 5:00,"(42.089797, -76.807734)",3.19,0.74,2.48,96655.62,0.0,0.0,0.0,4.458224487752427,0.0
4/7/2024 6:00,"(42.089797, -76.807734)",3.04,0.74,3.15,96715.09,0.0,0.0,0.0,4.413505970324244,0.0
4/7/2024 7:00,"(42.089797, -76.807734)",2.84,0.75,3.29,96797.69,0.0,0.0,0.0,4.41333677874133,0.0
4/7/2024 8:00,"(42.089797, -76.807734)",3.7,0.73,3.13,96862.47,0.0,0.0,0.0,4.550906491869504,0.0
4/7/2024 9:00,"(42.089797, -76.807734)",5.43,0.66,3.26,96914.73,0.0,0.0,0.0,4.615366412091032,0.0
4/7/2024 10:00,"(42.089797, -76.807734)",8.56,0.51,4.17,96952.96,0.0,0.0,0.0,4.372070563954238,0.0
4/7/2024 11:00,"(42.089797, -76.807734)",9.68,0.43,4.6,96960.78,0.0,0.0,0.0,3.9599081430844425,0.0
4/7/2024 12:00,"(42.089797, -76.807734)",10.35,0.38,4.53,96983.67,0.0,0.0,0.0,3.6514722786750005,0.0
4/7/2024 13:00,"(42.089797, -76.807734)",11.55,0.33,4.51,96976.81,0.0,0.0,0.0,3.4199701923876913,0.0
4/7/2024 14:00,"(42.089797, -76.807734)",12.01,0.3,4.42,96933.38,0.0,0.0,0.0,3.19983023601801,0.0
4/7/2024 15:00,"(42.089797, -76.807734)",12.74,0.28,4.44,96932.78,0.0,0.0,0.0,3.125361755506326,0.0
4/7/2024 16:00,"(42.089797, -76.807734)",13.06,0.25,4.35,96909.25,0.0,0.0,0.0,2.8464067445613654,0.0
4/7/2024 17:00,"(42.089797, -76.807734)",12.87,0.26,4.13,96905.41,0.0,0.0,0.0,2.925620807053891,0.0
4/7/2024 18:00,"(42.089797, -76.807734)",11.42,0.27,3.37,96938.91,0.0,0.0,0.0,2.775439551065323,0.0
4/7/2024 19:00,"(42.089797, -76.807734)",10.8,0.25,2.87,96947.56,0.0,0.0,0.0,2.4715604857825904,0.0
4/7/2024 20:00,"(42.089797, -76.807734)",8.81,0.35,2.75,96993.56,0.0,0.0,0.0,3.0489606598038415,0.0
4/7/2024 21:00,"(42.089797, -76.807734)",6.98,0.46,2.25,97029.94,0.0,0.0,0.0,3.5604947531502527,0.0
4/7/2024 22:00,"(42.089797, -76.807734)",4.74,0.56,1.81,97071.09,0.0,0.0,0.0,3.7414451207120836,0.0
4/7/2024 23:00,"(42.089797, -76.807734)",4.18,0.59,2.05,97108.71,0.0,0.0,0.0,3.797877174679683,0.0
4/8/2024 0:00,"(42.089797, -76.807734)",4.39,0.58,1.8,97120.9,0.0,0.0,0.0,3.786052869396371,0.0
4/8/2024 1:00,"(42.089797, -76.807734)",3.71,0.61,0.53,97126.06,0.0,0.0,0.0,3.8053563222651103,0.0
4/8/2024 2:00,"(42.089797, -76.807734)",2.56,0.67,0.42,97095.49,0.0,0.0,0.0,3.868828149986155,0.0
4/8/2024 3:00,"(42.089797, -76.807734)",2.26,0.68,1.21,97068.82,0.0,0.0,0.0,3.847735028796801,0.0
4/8/2024 4:00,"(42.089797, -76.807734)",1.29,0.72,1.65,97042.01,0.0,0.0,0.0,3.814131768678498,0.0
4/8/2024 5:00,"(42.089797, -76.807734)",1.09,0.73,1.65,97045.32,0.0,0.0,0.0,3.8146367651446216,0.0
4/8/2024 6:00,"(42.089797, -76.807734)",0.87,0.74,1.71,97056.1,0.0,0.0,0.0,3.8091171292496497,0.0
4/8/2024 7:00,"(42.089797, -76.807734)",0.75,0.75,1.56,97087.21,0.0,0.0,0.0,3.8289766803400043,0.0
4/8/2024 8:00,"(42.089797, -76.807734)",1.63,0.74,1.77,97151.59,0.0,0.0,0.0,4.011971750045004,0.0
4/8/2024 9:00,"(42.089797, -76.807734)",5.35,0.58,1.29,97132.05,0.0,0.0,0.0,4.0345877035000575,0.0
4/8/2024 10:00,"(42.089797, -76.807734)",9.61,0.39,1.78,97078.35,0.0,0.0,0.0,3.575575255810495,0.0
4/8/2024 11:00,"(42.089797, -76.807734)",11.29,0.33,2.36,97053.14,0.0,0.0,0.0,3.364633843761069,0.0
4/8/2024 12:00,"(42.089797, -76.807734)",12.4,0.31,2.56,97004.73,0.03,0.0,0.0,3.387865802156812,0.03
4/8/2024 13:00,"(42.089797, -76.807734)",13.49,0.33,2.66,96972.82,0.23,0.0,0.0,3.858438614966074,0.23
4/8/2024 14:00,"(42.089797, -76.807734)",13.54,0.34,2.84,96901.14,0.21,0.0,0.0,3.9876395686900246,0.21
4/8/2024 15:00,"(42.089797, -76.807734)",13.83,0.36,2.92,96861.67,0.38,0.0,0.0,4.2983011095825026,0.38
4/8/2024 16:00,"(42.089797, -76.807734)",13.1,0.4,2.32,96834.56,0.08,0.0,0.0,4.565540512354041,0.08
4/8/2024 17:00,"(42.089797, -76.807734)",13.01,0.47,2.35,96810.71,1.07,0.0,0.0,5.334702971206749,1.07
4/8/2024 18:00,"(42.089797, -76.807734)",12.68,0.51,1.13,96781.67,0.03,0.0,0.0,5.671457501448714,0.03
4/8/2024 19:00,"(42.089797, -76.807734)",12.43,0.52,1.27,96802.71,0.27,0.0,0.0,5.693491477046968,0.27
4/8/2024 20:00,"(42.089797, -76.807734)",12.0,0.58,1.82,96783.33,0.21,0.0,0.0,6.182476800464569,0.21
4/8/2024 21:00,"(42.089797, -76.807734)",10.7,0.63,2.26,96796.93,0.0,0.0,0.0,6.1891638683556645,0.0
4/8/2024 22:00,"(42.089797, -76.807734)",8.92,0.68,2.27,96813.4,0.0,0.0,0.0,5.965591763038057,0.0
4/8/2024 23:00,"(42.089797, -76.807734)",7.8,0.73,2.09,96757.71,0.0,0.0,0.0,5.95898529519813,0.0
4/9/2024 0:00,"(42.089797, -76.807734)",6.22,0.79,2.31,96778.39,0.0,0.0,0.0,5.818781997394167,0.0
4/9/2024 1:00,"(42.089797, -76.807734)",4.94,0.81,2.38,96776.48,0.0,0.0,0.0,5.483910927861285,0.0
4/9/2024 2:00,"(42.089797, -76.807734)",4.44,0.8,2.43,96776.25,0.0,0.0,0.0,5.239529429747856,0.0
4/9/2024 3:00,"(42.089797, -76.807734)",3.89,0.82,2.02,96695.49,0.0,0.0,0.0,5.177297847075634,0.0
4/9/2024 4:00,"(42.089797, -76.807734)",2.93,0.85,1.98,96705.96,0.0,0.0,0.0,5.032186544295351,0.0
4/9/2024 5:00,"(42.089797, -76.807734)",2.57,0.86,1.89,96673.87,0.0,0.0,0.0,4.969312614992736,0.0
4/9/2024 6:00,"(42.089797, -76.807734)",2.16,0.91,1.33,96716.0,0.0,0.0,0.0,5.1144220994784915,0.0
4/9/2024 7:00,"(42.089797, -76.807734)",1.81,0.92,1.12,96746.55,0.0,0.0,0.0,5.049283600840436,0.0
4/9/2024 8:00,"(42.089797, -76.807734)",3.9,0.88,1.25,96810.55,0.0,0.0,0.0,5.559835611854312,0.0
4/9/2024 9:00,"(42.089797, -76.807734)",7.67,0.76,0.83,96781.85,0.0,0.0,0.0,6.15193563790838,0.0
4/9/2024 10:00,"(42.089797, -76.807734)",12.87,0.59,0.76,96767.95,0.0,0.0,0.0,6.638908754468444,0.0
4/9/2024 11:00,"(42.089797, -76.807734)",16.19,0.44,0.94,96749.46,0.0,0.0,0.0,6.0659975579008885,0.0
4/9/2024 12:00,"(42.089797, -76.807734)",18.66,0.33,1.43,96724.98,0.0,0.0,0.0,5.273131272052053,0.0
4/9/2024 13:00,"(42.089797, -76.807734)",21.59,0.24,1.98,96683.59,0.0,0.0,0.0,4.551803261825939,0.0
4/9/2024 14:00,"(42.089797, -76.807734)",22.66,0.2,2.27,96627.09,0.0,0.0,0.0,4.034121168999113,0.0
4/9/2024 15:00,"(42.089797, -76.807734)",23.28,0.18,2.67,96555.48,0.0,0.0,0.0,3.7617166640295374,0.0
4/9/2024 16:00,"(42.089797, -76.807734)",24.01,0.16,2.97,96469.78,0.0,0.0,0.0,3.4854835199656304,0.0
4/9/2024 17:00,"(42.089797, -76.807734)",23.94,0.15,3.14,96418.75,0.0,0.0,0.0,3.2546924597733997,0.0
4/9/2024 18:00,"(42.089797, -76.807734)",22.51,0.2,3.14,96336.07,0.0,0.0,0.0,3.9995678083623245,0.0
4/9/2024 19:00,"(42.089797, -76.807734)",21.26,0.24,3.42,96325.47,0.0,0.0,0.0,4.465689791305736,0.0
4/9/2024 20:00,"(42.089797, -76.807734)",19.78,0.27,3.47,96355.67,0.0,0.0,0.0,4.60861433132301,0.0
4/9/2024 21:00,"(42.089797, -76.807734)",18.47,0.33,3.67,96379.19,0.0,0.0,0.0,5.21413712176088,0.0
4/9/2024 22:00,"(42.089797, -76.807734)",17.1,0.38,3.75,96382.85,0.0,0.0,0.0,5.53348964386129,0.0
4/9/2024 23:00,"(42.089797, -76.807734)",16.35,0.43,3.77,96363.23,0.0,0.0,0.0,5.985621892484886,0.0
4/10/2024 0:00,"(42.089797, -76.807734)",15.97,0.48,3.6,96351.04,0.0,0.0,0.0,6.530086806259956,0.0
4/10/2024 1:00,"(42.089797, -76.807734)",15.43,0.54,3.53,96360.67,0.0,0.0,0.0,7.1098540295604025,0.0
4/10/2024 2:00,"(42.089797, -76.807734)",14.86,0.59,2.77,96380.61,0.0,0.0,0.0,7.503280471669202,0.0
4/10/2024 3:00,"(42.089797, -76.807734)",14.08,0.65,2.06,96364.07,0.0,0.0,0.0,7.880983422176533,0.0
4/10/2024 4:00,"(42.089797, -76.807734)",13.34,0.7,1.75,96370.8,0.0,0.0,0.0,8.109133558468539,0.0
4/10/2024 5:00,"(42.089797, -76.807734)",12.98,0.73,1.83,96368.72,0.0,0.0,0.0,8.270432921189578,0.0
4/10/2024 6:00,"(42.089797, -76.807734)",12.82,0.72,1.65,96378.46,0.12,0.0,0.0,8.076636487250068,0.12
4/10/2024 7:00,"(42.089797, -76.807734)",12.61,0.76,1.89,96415.38,0.2,0.0,0.0,8.414914658795169,0.2
4/10/2024 8:00,"(42.089797, -76.807734)",13.21,0.77,2.37,96477.98,0.13,0.0,0.0,8.848671867032254,0.13
4/10/2024 9:00,"(42.089797, -76.807734)",13.68,0.79,2.09,96475.65,0.57,0.0,0.0,9.345688122427825,0.57
4/10/2024 10:00,"(42.089797, -76.807734)",13.66,0.86,1.71,96493.23,1.96,0.0,0.0,10.161260581893373,1.96
4/10/2024 11:00,"(42.089797, -76.807734)",13.81,0.89,1.26,96500.53,1.47,0.0,0.0,10.613287735227232,1.47
4/10/2024 12:00,"(42.089797, -76.807734)",13.69,0.92,1.53,96531.21,0.8,0.0,0.0,10.890291758246072,0.8
4/10/2024 13:00,"(42.089797, -76.807734)",13.97,0.95,1.72,96521.61,0.66,0.0,0.0,11.44079842272741,0.66
4/10/2024 14:00,"(42.089797, -76.807734)",14.25,0.96,1.4,96517.22,0.57,0.0,0.0,11.761643501710703,0.57
4/10/2024 15:00,"(42.089797, -76.807734)",14.18,0.95,1.54,96476.68,0.32,0.0,0.0,11.589266810891672,0.32
4/10/2024 16:00,"(42.089797, -76.807734)",14.4,0.95,1.47,96437.63,0.75,0.0,0.0,11.746595430586048,0.75
4/10/2024 17:00,"(42.089797, -76.807734)",15.01,0.91,1.63,96399.27,0.96,0.0,0.0,11.679184049900751,0.96
4/10/2024 18:00,"(42.089797, -76.807734)",15.34,0.87,1.69,96472.98,0.6,0.0,0.0,11.392306890123834,0.6
4/10/2024 19:00,"(42.089797, -76.807734)",15.02,0.86,1.32,96493.85,0.36,0.0,0.0,11.044198048473369,0.36
4/10/2024 20:00,"(42.089797, -76.807734)",14.86,0.86,1.19,96461.29,0.05,0.0,0.0,10.93698509429748,0.05
4/10/2024 21:00,"(42.089797, -76.807734)",14.27,0.89,1.42,96527.93,0.0,0.0,0.0,10.917401517362983,0.0
4/10/2024 22:00,"(42.089797, -76.807734)",13.34,0.91,1.56,96531.54,0.0,0.0,0.0,10.5418736260091,0.0
4/10/2024 23:00,"(42.089797, -76.807734)",12.91,0.92,1.66,96514.03,0.0,0.0,0.0,10.37789897930928,0.0
4/11/2024 0:00,"(42.089797, -76.807734)",13.08,0.92,1.45,96510.09,0.03,0.0,0.0,10.487753020048734,0.03
4/11/2024 1:00,"(42.089797, -76.807734)",12.95,0.93,1.53,96439.32,0.08,0.0,0.0,10.516739890414433,0.08
4/11/2024 2:00,"(42.089797, -76.807734)",12.91,0.92,1.87,96395.89,0.29,0.0,0.0,10.37789897930928,0.29
4/11/2024 3:00,"(42.089797, -76.807734)",13.04,0.9,2.59,96320.81,0.83,0.0,0.0,10.234383814289151,0.83
4/11/2024 4:00,"(42.089797, -76.807734)",12.89,0.91,2.91,96184.86,0.83,0.0,0.0,10.252377432414814,0.83
4/11/2024 5:00,"(42.089797, -76.807734)",12.78,0.92,3.25,96136.67,1.64,0.0,0.0,10.294568652160653,1.64
4/11/2024 6:00,"(42.089797, -76.807734)",12.58,0.92,3.45,96094.21,2.36,0.0,0.0,10.167503117673196,2.36
4/11/2024 7:00,"(42.089797, -76.807734)",12.64,0.92,3.91,96069.02,1.31,0.0,0.0,10.20547891146942,1.31
4/11/2024 8:00,"(42.089797, -76.807734)",12.87,0.93,4.04,96041.78,0.41,0.0,0.0,10.464720579077378,0.41
4/11/2024 9:00,"(42.089797, -76.807734)",13.1,0.93,4.49,96015.62,0.54,0.0,0.0,10.614881691223147,0.54
4/11/2024 10:00,"(42.089797, -76.807734)",13.89,0.87,5.85,95965.75,0.07,0.0,0.0,10.425965341322282,0.07
4/11/2024 11:00,"(42.089797, -76.807734)",14.29,0.89,5.86,95915.16,0.18,0.0,0.0,10.930793609972959,0.18
4/11/2024 12:00,"(42.089797, -76.807734)",14.44,0.9,5.75,95838.13,0.09,0.0,0.0,11.155640991196956,0.09
4/11/2024 13:00,"(42.089797, -76.807734)",15.61,0.84,6.02,95720.69,0.04,0.0,0.0,11.181241640234695,0.04
4/11/2024 14:00,"(42.089797, -76.807734)",17.35,0.74,6.95,95615.74,0.17,0.0,0.0,10.938200884724703,0.17
4/11/2024 15:00,"(42.089797, -76.807734)",18.01,0.7,7.27,95613.24,0.47,0.0,0.0,10.762324598221301,0.47
4/11/2024 16:00,"(42.089797, -76.807734)",18.74,0.65,7.01,95477.25,0.15,0.0,0.0,10.435736276791731,0.15
4/11/2024 17:00,"(42.089797, -76.807734)",18.58,0.66,6.57,95400.03,0.69,0.0,0.0,10.496443331603045,0.69
4/11/2024 18:00,"(42.089797, -76.807734)",16.58,0.82,5.93,95251.97,0.96,0.0,0.0,11.573645044502037,0.96
4/11/2024 19:00,"(42.089797, -76.807734)",16.5,0.82,6.14,95182.68,1.06,0.0,0.0,11.518053248286822,1.06
4/11/2024 20:00,"(42.089797, -76.807734)",16.02,0.86,6.05,95104.75,0.28,0.0,0.0,11.735155528710798,0.28
4/11/2024 21:00,"(42.089797, -76.807734)",16.23,0.87,6.23,95010.65,0.11,0.0,0.0,12.023118616709652,0.11
4/11/2024 22:00,"(42.089797, -76.807734)",15.95,0.92,6.48,94895.88,1.6,0.0,0.0,12.500872437453554,1.6
4/11/2024 23:00,"(42.089797, -76.807734)",16.15,0.91,6.98,94789.62,1.78,0.0,0.0,12.515329384880616,1.78
4/12/2024 0:00,"(42.089797, -76.807734)",16.31,0.9,7.08,94656.28,0.72,0.0,0.0,12.497870576716686,0.72
4/12/2024 1:00,"(42.089797, -76.807734)",16.26,0.91,7.15,94519.13,1.13,0.0,0.0,12.598687183537757,1.13
4/12/2024 2:00,"(42.089797, -76.807734)",16.0,0.91,7.06,94354.03,0.34,0.0,0.0,12.402429924210114,0.34
4/12/2024 3:00,"(42.089797, -76.807734)",15.81,0.92,7.16,94189.73,0.49,0.0,0.0,12.395424397618722,0.49
4/12/2024 4:00,"(42.089797, -76.807734)",15.62,0.93,7.27,94048.4,0.17,0.0,0.0,12.386740493368,0.17
4/12/2024 5:00,"(42.089797, -76.807734)",15.57,0.93,6.57,93937.83,0.34,0.0,0.0,12.349236542436712,0.34
4/12/2024 6:00,"(42.089797, -76.807734)",15.15,0.9,6.54,93817.0,0.61,0.0,0.0,11.649744890280079,0.61
4/12/2024 7:00,"(42.089797, -76.807734)",15.22,0.9,7.07,93789.99,0.62,0.0,0.0,11.699471402733021,0.62
4/12/2024 8:00,"(42.089797, -76.807734)",15.65,0.87,6.64,93900.15,0.72,0.0,0.0,11.608690846051873,0.72
4/12/2024 9:00,"(42.089797, -76.807734)",15.19,0.83,6.88,94037.51,2.34,0.0,0.0,10.769837965060608,2.34
4/12/2024 10:00,"(42.089797, -76.807734)",12.36,0.84,5.84,94162.18,1.91,0.0,0.0,9.157193285122938,1.91
4/12/2024 11:00,"(42.089797, -76.807734)",11.09,0.81,6.45,94199.7,0.97,0.0,0.0,8.155470046617964,0.97
4/12/2024 12:00,"(42.089797, -76.807734)",11.55,0.74,5.87,94201.09,0.25,0.0,0.0,7.66902406777846,0.25
4/12/2024 13:00,"(42.089797, -76.807734)",12.55,0.6,6.03,94209.93,0.02,0.0,0.0,6.618626937510075,0.02
4/12/2024 14:00,"(42.089797, -76.807734)",12.68,0.56,5.87,94208.19,0.0,0.0,0.0,6.227482746688784,0.0
4/12/2024 15:00,"(42.089797, -76.807734)",12.62,0.56,6.7,94224.66,0.0,0.0,0.0,6.204317088162961,0.0
4/12/2024 16:00,"(42.089797, -76.807734)",12.03,0.59,6.77,94235.87,0.0,0.0,0.0,6.3008623349354576,0.0
4/12/2024 17:00,"(42.089797, -76.807734)",11.4,0.63,5.96,94259.7,0.0,0.0,0.0,6.467903791511835,0.0
4/12/2024 18:00,"(42.089797, -76.807734)",10.86,0.65,5.97,94313.71,0.0,0.0,0.0,6.450411116701166,0.0
4/12/2024 19:00,"(42.089797, -76.807734)",10.18,0.68,5.5,94332.66,0.02,0.0,0.0,6.464234351645757,0.02
4/12/2024 20:00,"(42.089797, -76.807734)",9.6,0.7,5.26,94400.36,0.03,0.0,0.0,6.4136135484990415,0.03
4/12/2024 21:00,"(42.089797, -76.807734)",9.16,0.71,5.38,94496.66,0.03,0.0,0.0,6.3251604059598705,0.03
4/12/2024 22:00,"(42.089797, -76.807734)",8.67,0.72,5.5,94525.85,0.08,0.0,0.0,6.216080644874965,0.08
4/12/2024 23:00,"(42.089797, -76.807734)",7.96,0.72,5.39,94536.28,0.2,0.0,0.0,5.938413403906947,0.2
4/13/2024 0:00,"(42.089797, -76.807734)",6.93,0.74,5.86,94597.08,0.36,0.0,0.0,5.709141517411394,0.36
4/13/2024 1:00,"(42.089797, -76.807734)",5.14,0.85,5.89,94674.63,0.68,0.0,0.0,5.831344947408302,0.68
4/13/2024 2:00,"(42.089797, -76.807734)",4.13,0.91,5.81,94736.25,0.86,0.0,0.0,5.838261460641498,0.86
4/13/2024 3:00,"(42.089797, -76.807734)",4.17,0.89,5.74,94781.63,0.72,0.0,0.0,5.7251860919830175,0.72
4/13/2024 4:00,"(42.089797, -76.807734)",3.69,0.88,5.75,94846.26,0.57,0.0,0.0,5.4823563085744915,0.57
4/13/2024 5:00,"(42.089797, -76.807734)",3.63,0.89,5.79,94865.94,0.51,0.0,0.0,5.522443525268412,0.51
4/13/2024 6:00,"(42.089797, -76.807734)",3.53,0.87,6.14,94969.94,0.44,0.0,0.0,5.362324206986115,0.44
4/13/2024 7:00,"(42.089797, -76.807734)",3.53,0.85,6.01,95076.05,0.39,0.0,0.0,5.239052386135859,0.39
4/13/2024 8:00,"(42.089797, -76.807734)",3.49,0.86,5.88,95143.34,0.4,0.0,0.0,5.28650442772305,0.4
4/13/2024 9:00,"(42.089797, -76.807734)",3.65,0.88,6.01,95214.24,0.46,0.01,0.0,5.467705932779355,0.45
4/13/2024 10:00,"(42.089797, -76.807734)",3.96,0.89,6.31,95291.14,0.47,0.0,0.0,5.645581233736766,0.47
4/13/2024 11:00,"(42.089797, -76.807734)",3.92,0.89,6.88,95392.23,0.47,0.0,0.0,5.63052867026121,0.47
4/13/2024 12:00,"(42.089797, -76.807734)",4.1,0.86,7.14,95476.96,0.45,0.0,0.0,5.5064570476306915,0.45
4/13/2024 13:00,"(42.089797, -76.807734)",4.89,0.8,7.6,95564.4,0.32,0.0,0.0,5.3983091829404914,0.32
4/13/2024 14:00,"(42.089797, -76.807734)",5.79,0.71,7.77,95636.44,0.12,0.0,0.0,5.084071056516063,0.12
4/13/2024 15:00,"(42.089797, -76.807734)",6.47,0.64,8.02,95701.38,0.14,0.0,0.0,4.7916818452812695,0.14
4/13/2024 16:00,"(42.089797, -76.807734)",6.86,0.62,7.57,95732.35,0.02,0.0,0.0,4.76157897614748,0.02
4/13/2024 17:00,"(42.089797, -76.807734)",7.11,0.61,8.26,95792.65,0.01,0.0,0.0,4.761617779099249,0.01
4/13/2024 18:00,"(42.089797, -76.807734)",7.58,0.58,7.05,95906.1,0.0,0.0,0.0,4.667626388467601,0.0
4/13/2024 19:00,"(42.089797, -76.807734)",7.98,0.57,6.07,95907.38,0.0,0.0,0.0,4.707316826559823,0.0
4/13/2024 20:00,"(42.089797, -76.807734)",7.97,0.58,5.76,95964.27,0.0,0.0,0.0,4.786810751012704,0.0
4/13/2024 21:00,"(42.089797, -76.807734)",7.33,0.61,5.57,96107.11,0.0,0.0,0.0,4.830142944399675,0.0
4/13/2024 22:00,"(42.089797, -76.807734)",6.6,0.63,5.14,96158.69,0.0,0.0,0.0,4.75703438784532,0.0
4/13/2024 23:00,"(42.089797, -76.807734)",6.24,0.64,4.74,96228.04,0.0,0.0,0.0,4.720127744508054,0.0
4/14/2024 0:00,"(42.089797, -76.807734)",6.11,0.64,4.31,96245.11,0.0,0.0,0.0,4.680098263345915,0.0
4/14/2024 1:00,"(42.089797, -76.807734)",5.43,0.67,3.46,96242.01,0.0,0.0,0.0,4.685296206213624,0.0
4/14/2024 2:00,"(42.089797, -76.807734)",4.91,0.7,2.87,96247.85,0.0,0.0,0.0,4.729779797170179,0.0
4/14/2024 3:00,"(42.089797, -76.807734)",4.57,0.73,2.74,96230.39,0.0,0.0,0.0,4.822538910354941,0.0
4/14/2024 4:00,"(42.089797, -76.807734)",3.88,0.76,2.46,96215.31,0.0,0.0,0.0,4.79526801193042,0.0
4/14/2024 5:00,"(42.089797, -76.807734)",3.92,0.76,2.32,96182.08,0.0,0.0,0.0,4.808091898200583,0.0
4/14/2024 6:00,"(42.089797, -76.807734)",3.89,0.78,2.49,96199.88,0.0,0.0,0.0,4.924746732584141,0.0
4/14/2024 7:00,"(42.089797, -76.807734)",4.67,0.75,2.0,96222.09,0.0,0.0,0.0,4.987655391225921,0.0
4/14/2024 8:00,"(42.089797, -76.807734)",6.06,0.68,2.28,96145.76,0.03,0.0,0.0,4.956330268713215,0.03
4/14/2024 9:00,"(42.089797, -76.807734)",7.94,0.59,2.5,96148.4,0.02,0.0,0.0,4.859920979726719,0.02
4/14/2024 10:00,"(42.089797, -76.807734)",10.49,0.51,2.77,96032.79,0.01,0.0,0.0,4.944253227380288,0.01
4/14/2024 11:00,"(42.089797, -76.807734)",12.39,0.49,3.83,95925.6,0.09,0.0,0.0,5.351681584346802,0.09
4/14/2024 12:00,"(42.089797, -76.807734)",13.63,0.5,4.98,95701.65,0.04,0.0,0.0,5.896799972893753,0.04
4/14/2024 13:00,"(42.089797, -76.807734)",16.47,0.45,5.6,95563.64,0.09,0.0,0.0,6.309475260646227,0.09
4/14/2024 14:00,"(42.089797, -76.807734)",17.34,0.52,5.59,95432.1,1.26,0.0,0.0,7.681708503364809,1.26
4/14/2024 15:00,"(42.089797, -76.807734)",20.19,0.39,4.35,95375.96,0.57,0.0,0.0,6.818611029740154,0.57
4/14/2024 16:00,"(42.089797, -76.807734)",21.76,0.35,3.37,95334.29,1.15,0.0,0.0,6.703551506759678,1.15
4/14/2024 17:00,"(42.089797, -76.807734)",20.21,0.45,1.98,95324.14,1.82,0.0,0.0,7.8768300242234055,1.82
4/14/2024 18:00,"(42.089797, -76.807734)",16.01,0.79,1.96,95421.29,2.51,0.0,0.0,10.773454849960931,2.51
4/14/2024 19:00,"(42.089797, -76.807734)",15.33,0.8,1.89,95494.49,0.59,0.0,0.0,10.469319887964845,0.59
4/14/2024 20:00,"(42.089797, -76.807734)",13.86,0.81,2.16,95561.77,0.07,0.0,0.0,9.689041057247723,0.07
4/14/2024 21:00,"(42.089797, -76.807734)",12.96,0.85,1.26,95672.91,0.56,0.0,0.0,9.618031568723682,0.56
4/14/2024 22:00,"(42.089797, -76.807734)",11.84,0.86,1.02,95722.74,0.88,0.0,0.0,9.075927916030189,0.88
4/14/2024 23:00,"(42.089797, -76.807734)",11.16,0.89,0.52,95718.16,0.44,0.0,0.0,9.00048605960267,0.44
4/15/2024 0:00,"(42.089797, -76.807734)",10.84,0.9,0.88,95727.49,0.06,0.0,0.0,8.92008589670873,0.06
4/15/2024 1:00,"(42.089797, -76.807734)",10.36,0.92,1.45,95719.93,0.0,0.0,0.0,8.846003521354445,0.0
4/15/2024 2:00,"(42.089797, -76.807734)",9.85,0.93,1.68,95722.56,0.0,0.0,0.0,8.657551466328556,0.0
4/15/2024 3:00,"(42.089797, -76.807734)",9.76,0.92,2.26,95727.14,0.0,0.0,0.0,8.515593804323506,0.0
4/15/2024 4:00,"(42.089797, -76.807734)",9.08,0.92,2.99,95762.07,0.0,0.0,0.0,8.154167493116873,0.0
4/15/2024 5:00,"(42.089797, -76.807734)",8.64,0.91,3.15,95803.86,0.0,0.0,0.0,7.8413224753430875,0.0
4/15/2024 6:00,"(42.089797, -76.807734)",8.73,0.89,2.97,95884.69,0.0,0.0,0.0,7.71340211815793,0.0
4/15/2024 7:00,"(42.089797, -76.807734)",8.24,0.9,2.47,95953.99,0.0,0.0,0.0,7.558245807491682,0.0
4/15/2024 8:00,"(42.089797, -76.807734)",9.19,0.9,2.52,96045.85,0.0,0.0,0.0,8.033195754089562,0.0
4/15/2024 9:00,"(42.089797, -76.807734)",10.45,0.81,3.26,96170.85,0.0,0.0,0.0,7.8328012756643695,0.0
4/15/2024 10:00,"(42.089797, -76.807734)",13.16,0.63,3.21,96227.87,0.0,0.0,0.0,7.217470046715172,0.0
4/15/2024 11:00,"(42.089797, -76.807734)",14.56,0.52,2.92,96253.82,0.0,0.0,0.0,6.492981066204672,0.0
4/15/2024 12:00,"(42.089797, -76.807734)",15.71,0.48,3.81,96235.29,0.0,0.0,0.0,6.428127181501431,0.0
4/15/2024 13:00,"(42.089797, -76.807734)",17.52,0.41,4.2,96215.82,0.0,0.0,0.0,6.12223041468916,0.0
4/15/2024 14:00,"(42.089797, -76.807734)",18.68,0.37,4.16,96170.72,0.0,0.0,0.0,5.91929881831612,0.0
4/15/2024 15:00,"(42.089797, -76.807734)",18.81,0.37,4.26,96165.41,0.0,0.0,0.0,5.964974502925036,0.0
4/15/2024 16:00,"(42.089797, -76.807734)",18.75,0.35,4.52,96190.32,0.0,0.0,0.0,5.622566200063144,0.0
4/15/2024 17:00,"(42.089797, -76.807734)",18.58,0.32,4.55,96240.69,0.0,0.0,0.0,5.089184645625719,0.0
4/15/2024 18:00,"(42.089797, -76.807734)",16.83,0.31,3.75,96258.23,0.0,0.0,0.0,4.441645909089143,0.0
4/15/2024 19:00,"(42.089797, -76.807734)",15.81,0.32,3.47,96348.32,0.0,0.0,0.0,4.3114519643891205,0.0
4/15/2024 20:00,"(42.089797, -76.807734)",14.03,0.36,3.46,96423.34,0.0,0.0,0.0,4.351471035775841,0.0
4/15/2024 21:00,"(42.089797, -76.807734)",12.1,0.49,3.38,96562.8,0.0,0.0,0.0,5.255831080963133,0.0
4/15/2024 22:00,"(42.089797, -76.807734)",10.2,0.56,3.14,96651.06,0.0,0.0,0.0,5.330239099652664,0.0
4/15/2024 23:00,"(42.089797, -76.807734)",9.73,0.58,2.63,96688.79,0.0,0.0,0.0,5.358291715924609,0.0
4/16/2024 0:00,"(42.089797, -76.807734)",8.88,0.62,2.17,96771.1,0.0,0.0,0.0,5.425297963147386,0.0
4/16/2024 1:00,"(42.089797, -76.807734)",7.83,0.66,1.98,96778.6,0.0,0.0,0.0,5.398031704637397,0.0
4/16/2024 2:00,"(42.089797, -76.807734)",7.02,0.68,2.11,96831.71,0.0,0.0,0.0,5.2770566124493,0.0
4/16/2024 3:00,"(42.089797, -76.807734)",6.21,0.71,2.19,96852.7,0.0,0.0,0.0,5.226114455978704,0.0
4/16/2024 4:00,"(42.089797, -76.807734)",4.66,0.76,2.03,96859.67,0.0,0.0,0.0,5.050805526232078,0.0
4/16/2024 5:00,"(42.089797, -76.807734)",4.04,0.79,2.05,96894.66,0.0,0.0,0.0,5.038062553733996,0.0
4/16/2024 6:00,"(42.089797, -76.807734)",4.19,0.75,2.22,96975.19,0.0,0.0,0.0,4.8310267876981,0.0
4/16/2024 7:00,"(42.089797, -76.807734)",4.3,0.75,2.03,97054.07,0.0,0.0,0.0,4.8665357147286485,0.0
4/16/2024 8:00,"(42.089797, -76.807734)",6.7,0.67,1.76,97124.44,0.0,0.0,0.0,5.0921895627440215,0.0
4/16/2024 9:00,"(42.089797, -76.807734)",9.36,0.55,1.87,97134.12,0.0,0.0,0.0,4.962756566028346,0.0
4/16/2024 10:00,"(42.089797, -76.807734)",12.34,0.43,2.24,97142.75,0.0,0.0,0.0,4.681776886667572,0.0
4/16/2024 11:00,"(42.089797, -76.807734)",13.94,0.37,2.82,97169.79,0.0,0.0,0.0,4.44768197475431,0.0
4/16/2024 12:00,"(42.089797, -76.807734)",15.13,0.35,3.55,97139.19,0.0,0.0,0.0,4.524944284537261,0.0
4/16/2024 13:00,"(42.089797, -76.807734)",16.8,0.32,3.44,97090.83,0.0,0.0,0.0,4.5766721161720865,0.0
4/16/2024 14:00,"(42.089797, -76.807734)",17.76,0.3,3.39,97055.73,0.0,0.0,0.0,4.54427924820162,0.0
4/16/2024 15:00,"(42.089797, -76.807734)",18.51,0.29,3.46,97050.71,0.0,0.0,0.0,4.59299301003391,0.0
4/16/2024 16:00,"(42.089797, -76.807734)",19.11,0.27,3.42,96991.63,0.0,0.0,0.0,4.430586443823241,0.0
4/16/2024 17:00,"(42.089797, -76.807734)",19.11,0.26,3.24,96982.89,0.0,0.0,0.0,4.266490649607565,0.0
4/16/2024 18:00,"(42.089797, -76.807734)",17.73,0.27,2.71,96927.6,0.0,0.0,0.0,4.082544556479429,0.0
4/16/2024 19:00,"(42.089797, -76.807734)",16.39,0.28,3.5,96970.15,0.0,0.0,0.0,3.907021736851483,0.0
4/16/2024 20:00,"(42.089797, -76.807734)",13.5,0.34,3.38,96992.93,0.0,0.0,0.0,3.977814082196683,0.0
4/16/2024 21:00,"(42.089797, -76.807734)",11.5,0.41,2.59,97096.24,0.0,0.0,0.0,4.23575665196095,0.0
4/16/2024 22:00,"(42.089797, -76.807734)",8.67,0.54,1.8,97196.43,0.0,0.0,0.0,4.662060483656224,0.0
4/16/2024 23:00,"(42.089797, -76.807734)",9.23,0.5,1.46,97161.43,0.0,0.0,0.0,4.474306379350317,0.0
4/17/2024 0:00,"(42.089797, -76.807734)",7.57,0.63,1.76,97105.02,0.0,0.0,0.0,5.066725825502169,0.0
4/17/2024 1:00,"(42.089797, -76.807734)",6.84,0.65,1.4,97082.24,0.0,0.0,0.0,4.985477893836094,0.0
4/17/2024 2:00,"(42.089797, -76.807734)",6.11,0.66,1.49,97069.08,0.0,0.0,0.0,4.826351334075475,0.0
4/17/2024 3:00,"(42.089797, -76.807734)",6.02,0.65,1.77,96990.06,0.0,0.0,0.0,4.725255740897827,0.0
4/17/2024 4:00,"(42.089797, -76.807734)",6.04,0.64,2.04,96959.84,0.0,0.0,0.0,4.658666963933055,0.0
4/17/2024 5:00,"(42.089797, -76.807734)",5.7,0.63,2.04,96913.61,0.0,0.0,0.0,4.484602435200893,0.0
4/17/2024 6:00,"(42.089797, -76.807734)",5.83,0.61,2.11,96888.24,0.0,0.0,0.0,4.3795011276890605,0.0
4/17/2024 7:00,"(42.089797, -76.807734)",6.04,0.59,2.63,96865.07,0.03,0.0,0.0,4.294708607375785,0.03
4/17/2024 8:00,"(42.089797, -76.807734)",7.44,0.56,2.51,96854.84,0.19,0.0,0.0,4.465978883157513,0.19
4/17/2024 9:00,"(42.089797, -76.807734)",8.45,0.65,2.65,96874.1,0.51,0.0,0.0,5.532996577423989,0.51
4/17/2024 10:00,"(42.089797, -76.807734)",10.05,0.69,3.06,96819.21,0.74,0.0,0.0,6.5054437015893125,0.74
4/17/2024 11:00,"(42.089797, -76.807734)",10.41,0.79,2.77,96813.84,0.81,0.0,0.0,7.6200948990846396,0.81
4/17/2024 12:00,"(42.089797, -76.807734)",11.09,0.83,2.14,96765.3,1.08,0.0,0.0,8.356839677398654,1.08
4/17/2024 13:00,"(42.089797, -76.807734)",11.84,0.83,2.02,96734.62,1.54,0.0,0.0,8.759325779424485,1.54
4/17/2024 14:00,"(42.089797, -76.807734)",11.7,0.84,2.95,96648.65,1.12,0.0,0.0,8.787554629347385,1.12
4/17/2024 15:00,"(42.089797, -76.807734)",12.23,0.84,3.73,96492.95,0.22,0.0,0.0,9.083335590069455,0.22
4/17/2024 16:00,"(42.089797, -76.807734)",13.12,0.79,3.68,96430.75,0.69,0.0,0.0,9.028109101090536,0.69
4/17/2024 17:00,"(42.089797, -76.807734)",13.68,0.77,3.7,96326.0,0.74,0.0,0.0,9.109088423125854,0.74
4/17/2024 18:00,"(42.089797, -76.807734)",12.67,0.84,3.22,96311.43,0.84,0.0,0.0,9.335424890095837,0.84
4/17/2024 19:00,"(42.089797, -76.807734)",12.8,0.83,3.77,96280.86,0.25,0.0,0.0,9.299022955080488,0.25
4/17/2024 20:00,"(42.089797, -76.807734)",12.52,0.84,4.55,96241.42,0.53,0.0,0.0,9.248811013497269,0.53
4/17/2024 21:00,"(42.089797, -76.807734)",12.24,0.86,4.76,96249.48,0.74,0.0,0.0,9.305403239721304,0.74
4/17/2024 22:00,"(42.089797, -76.807734)",11.92,0.88,4.52,96261.88,0.81,0.0,0.0,9.333551449085112,0.81
4/17/2024 23:00,"(42.089797, -76.807734)",11.58,0.89,4.15,96231.8,0.57,0.0,0.0,9.240912588820015,0.57
4/18/2024 0:00,"(42.089797, -76.807734)",11.4,0.9,3.93,96235.09,0.8,0.0,0.0,9.239862559302619,0.8
4/18/2024 1:00,"(42.089797, -76.807734)",11.13,0.92,3.95,96186.21,0.88,0.0,0.0,9.286338258606833,0.88
4/18/2024 2:00,"(42.089797, -76.807734)",10.84,0.94,3.71,96168.82,0.3,0.0,0.0,9.316534158784675,0.3
4/18/2024 3:00,"(42.089797, -76.807734)",10.7,0.95,3.18,96123.71,0.87,0.0,0.0,9.332866150695047,0.87
4/18/2024 4:00,"(42.089797, -76.807734)",10.89,0.95,2.59,96186.71,0.29,0.0,0.0,9.445364954537117,0.29
4/18/2024 5:00,"(42.089797, -76.807734)",11.12,0.95,2.31,96201.95,0.19,0.0,0.0,9.583124648390283,0.19
4/18/2024 6:00,"(42.089797, -76.807734)",11.73,0.94,2.02,96278.6,0.12,0.0,0.0,9.852174136103722,0.12
4/18/2024 7:00,"(42.089797, -76.807734)",11.78,0.94,1.54,96357.4,0.05,0.0,0.0,9.883044668334163,0.05
4/18/2024 8:00,"(42.089797, -76.807734)",12.03,0.94,1.11,96430.53,0.0,0.0,0.0,10.038662025151405,0.0
4/18/2024 9:00,"(42.089797, -76.807734)",12.55,0.89,1.17,96447.39,0.03,0.0,0.0,9.817629957306611,0.03
4/18/2024 10:00,"(42.089797, -76.807734)",12.86,0.89,0.79,96469.5,0.26,0.0,0.0,10.008417394451564,0.26
4/18/2024 11:00,"(42.089797, -76.807734)",13.53,0.82,0.77,96529.91,0.22,0.0,0.0,9.611319422333816,0.22
4/18/2024 12:00,"(42.089797, -76.807734)",13.97,0.79,0.96,96573.12,0.32,0.0,0.0,9.513927109425952,0.32
4/18/2024 13:00,"(42.089797, -76.807734)",14.7,0.78,0.96,96558.37,0.32,0.0,0.0,9.823171176319248,0.32
4/18/2024 14:00,"(42.089797, -76.807734)",14.29,0.77,1.11,96573.5,0.6,0.0,0.0,9.45697874121256,0.6
4/18/2024 15:00,"(42.089797, -76.807734)",14.08,0.77,0.72,96597.09,0.61,0.0,0.0,9.335934207809126,0.61
4/18/2024 16:00,"(42.089797, -76.807734)",13.72,0.78,0.8,96604.97,0.6,0.0,0.0,9.250147217709568,0.6
4/18/2024 17:00,"(42.089797, -76.807734)",13.86,0.77,1.04,96640.57,0.33,0.0,0.0,9.210569893926847,0.33
4/18/2024 18:00,"(42.089797, -76.807734)",13.42,0.81,1.39,96660.79,0.07,0.0,0.0,9.429891704369563,0.07
4/18/2024 19:00,"(42.089797, -76.807734)",12.4,0.86,2.0,96725.19,0.0,0.0,0.0,9.398595451144704,0.0
4/18/2024 20:00,"(42.089797, -76.807734)",11.81,0.87,1.94,96791.73,0.0,0.0,0.0,9.164253586428234,0.0
4/18/2024 21:00,"(42.089797, -76.807734)",11.33,0.89,1.99,96873.02,0.0,0.0,0.0,9.097137979357973,0.0
4/18/2024 22:00,"(42.089797, -76.807734)",10.32,0.93,2.42,96858.34,0.01,0.0,0.0,8.919543269468285,0.01
4/18/2024 23:00,"(42.089797, -76.807734)",9.9,0.94,2.42,96810.06,0.0,0.0,0.0,8.77848884364012,0.0
4/19/2024 0:00,"(42.089797, -76.807734)",9.55,0.94,2.5,96789.8,0.0,0.0,0.0,8.58518028824845,0.0
4/19/2024 1:00,"(42.089797, -76.807734)",8.6,0.96,2.78,96771.1,0.0,0.0,0.0,8.250948407771707,0.0
4/19/2024 2:00,"(42.089797, -76.807734)",8.19,0.97,2.67,96729.29,0.0,0.0,0.0,8.119914650152994,0.0
4/19/2024 3:00,"(42.089797, -76.807734)",7.96,0.97,2.71,96738.69,0.02,0.0,0.0,8.000362502485748,0.02
4/19/2024 4:00,"(42.089797, -76.807734)",8.01,0.97,3.08,96726.19,0.0,0.0,0.0,8.026220711360724,0.0
4/19/2024 5:00,"(42.089797, -76.807734)",7.99,0.96,3.26,96720.8,0.0,0.0,0.0,7.93323087451551,0.0
4/19/2024 6:00,"(42.089797, -76.807734)",8.06,0.95,3.3,96644.01,0.0,0.0,0.0,7.886128016801062,0.0
4/19/2024 7:00,"(42.089797, -76.807734)",7.66,0.95,3.81,96645.52,0.0,0.0,0.0,7.684945062629003,0.0
4/19/2024 8:00,"(42.089797, -76.807734)",7.51,0.92,4.55,96604.18,0.0,0.0,0.0,7.370327114106953,0.0
4/19/2024 9:00,"(42.089797, -76.807734)",7.93,0.88,4.85,96557.25,0.0,0.0,0.0,7.244017087029382,0.0
4/19/2024 10:00,"(42.089797, -76.807734)",9.05,0.82,5.16,96535.2,0.0,0.0,0.0,7.253911498823097,0.0
4/19/2024 11:00,"(42.089797, -76.807734)",9.73,0.79,5.24,96507.14,0.0,0.0,0.0,7.298362854449037,0.0
4/19/2024 12:00,"(42.089797, -76.807734)",9.85,0.78,5.93,96424.85,0.0,0.0,0.0,7.261172197565885,0.0
4/19/2024 13:00,"(42.089797, -76.807734)",10.24,0.77,5.74,96418.39,0.0,0.0,0.0,7.347677478511194,0.0
4/19/2024 14:00,"(42.089797, -76.807734)",10.64,0.78,6.35,96335.93,0.02,0.0,0.0,7.633805224569958,0.02
4/19/2024 15:00,"(42.089797, -76.807734)",11.25,0.78,7.04,96338.76,0.17,0.0,0.0,7.9328128508761795,0.17
4/19/2024 16:00,"(42.089797, -76.807734)",12.26,0.76,5.46,96313.67,0.0,0.0,0.0,8.233635129903535,0.0
4/19/2024 17:00,"(42.089797, -76.807734)",11.5,0.79,5.52,96311.73,0.0,0.0,0.0,8.161579890363784,0.0
4/19/2024 18:00,"(42.089797, -76.807734)",11.23,0.79,3.98,96372.44,0.0,0.0,0.0,8.024425172556422,0.0
4/19/2024 19:00,"(42.089797, -76.807734)",11.34,0.8,3.58,96407.73,0.0,0.0,0.0,8.18233832667087,0.0
4/19/2024 20:00,"(42.089797, -76.807734)",11.11,0.83,3.21,96457.62,0.05,0.0,0.0,8.367360141877016,0.05
4/19/2024 21:00,"(42.089797, -76.807734)",10.9,0.85,3.01,96485.25,0.0,0.0,0.0,8.45644285335876,0.0
4/19/2024 22:00,"(42.089797, -76.807734)",10.6,0.88,2.79,96502.25,0.0,0.0,0.0,8.59076926319534,0.0
4/19/2024 23:00,"(42.089797, -76.807734)",10.48,0.9,2.65,96492.64,0.01,0.0,0.0,8.719638148995065,0.01
4/20/2024 0:00,"(42.089797, -76.807734)",10.39,0.89,2.55,96507.21,0.05,0.0,0.0,8.573808117459528,0.05
4/20/2024 1:00,"(42.089797, -76.807734)",10.08,0.85,2.58,96505.76,0.02,0.0,0.0,8.029219510677898,0.02
4/20/2024 2:00,"(42.089797, -76.807734)",9.57,0.74,2.68,96457.18,0.0,0.0,0.0,6.767162835867168,0.0
4/20/2024 3:00,"(42.089797, -76.807734)",9.09,0.61,2.96,96415.01,0.0,0.0,0.0,5.410026469511133,0.0
4/20/2024 4:00,"(42.089797, -76.807734)",7.98,0.58,2.82,96451.92,0.0,0.0,0.0,4.7899013322889425,0.0
4/20/2024 5:00,"(42.089797, -76.807734)",7.66,0.58,2.62,96451.73,0.0,0.0,0.0,4.691861196131391,0.0
4/20/2024 6:00,"(42.089797, -76.807734)",7.37,0.62,2.27,96487.01,0.01,0.0,0.0,4.922082492150098,0.01
4/20/2024 7:00,"(42.089797, -76.807734)",7.15,0.64,1.65,96481.02,0.01,0.0,0.0,5.008800975828062,0.01
4/20/2024 8:00,"(42.089797, -76.807734)",7.88,0.61,0.6,96459.22,0.0,0.0,0.0,5.005232657689115,0.0
4/20/2024 9:00,"(42.089797, -76.807734)",8.57,0.52,1.63,96441.7,0.0,0.0,0.0,4.460661602155485,0.0
4/20/2024 10:00,"(42.089797, -76.807734)",10.27,0.42,3.25,96378.19,0.0,0.0,0.0,4.015447343180482,0.0
4/20/2024 11:00,"(42.089797, -76.807734)",11.19,0.4,5.69,96338.97,0.0,0.0,0.0,4.052798692913581,0.0
4/20/2024 12:00,"(42.089797, -76.807734)",11.49,0.37,5.95,96289.48,0.03,0.0,0.0,3.820116036412464,0.03
4/20/2024 13:00,"(42.089797, -76.807734)",11.54,0.37,6.01,96280.38,0.09,0.0,0.0,3.83210943021578,0.09
4/20/2024 14:00,"(42.089797, -76.807734)",10.86,0.41,6.23,96298.94,0.06,0.0,0.0,4.0687208582268894,0.06
4/20/2024 15:00,"(42.089797, -76.807734)",10.49,0.45,6.86,96368.62,0.31,0.0,0.0,4.362576377100254,0.31
4/20/2024 16:00,"(42.089797, -76.807734)",9.6,0.41,6.14,96411.73,0.0,0.0,0.0,3.7565450784065813,0.0
4/20/2024 17:00,"(42.089797, -76.807734)",9.05,0.4,5.73,96412.53,0.0,0.0,0.0,3.5384934140600484,0.0
4/20/2024 18:00,"(42.089797, -76.807734)",8.01,0.41,4.9,96518.9,0.0,0.0,0.0,3.392526280059687,0.0
4/20/2024 19:00,"(42.089797, -76.807734)",7.19,0.44,4.7,96558.64,0.0,0.0,0.0,3.4525120983619475,0.0
4/20/2024 20:00,"(42.089797, -76.807734)",6.15,0.47,4.05,96635.26,0.0,0.0,0.0,3.445969010127308,0.0
4/20/2024 21:00,"(42.089797, -76.807734)",5.45,0.5,3.68,96720.69,0.0,0.0,0.0,3.501102182906962,0.0
4/20/2024 22:00,"(42.089797, -76.807734)",4.74,0.51,3.45,96787.36,0.0,0.0,0.0,3.4073875206485043,0.0
4/20/2024 23:00,"(42.089797, -76.807734)",3.93,0.54,3.14,96728.98,0.0,0.0,0.0,3.4185570772094636,0.0
4/21/2024 0:00,"(42.089797, -76.807734)",3.43,0.54,3.08,96716.54,0.0,0.0,0.0,3.3061128867433744,0.0
4/21/2024 1:00,"(42.089797, -76.807734)",2.95,0.55,2.72,96691.13,0.0,0.0,0.0,3.2605068359519715,0.0
4/21/2024 2:00,"(42.089797, -76.807734)",1.97,0.59,2.15,96647.95,0.0,0.0,0.0,3.273499957753069,0.0
4/21/2024 3:00,"(42.089797, -76.807734)",1.57,0.61,2.14,96606.13,0.0,0.0,0.0,3.293686505681791,0.0
4/21/2024 4:00,"(42.089797, -76.807734)",1.01,0.65,2.23,96603.67,0.0,0.0,0.0,3.378062938760075,0.0
4/21/2024 5:00,"(42.089797, -76.807734)",0.62,0.67,2.45,96629.15,0.0,0.0,0.0,3.390185251576188,0.0
4/21/2024 6:00,"(42.089797, -76.807734)",1.22,0.7,2.31,96633.18,0.0,0.0,0.0,3.690505620200081,0.0
4/21/2024 7:00,"(42.089797, -76.807734)",1.23,0.69,2.36,96653.61,0.0,0.0,0.0,3.6402690017261796,0.0
4/21/2024 8:00,"(42.089797, -76.807734)",2.23,0.66,2.04,96657.33,0.0,0.0,0.0,3.7269890678056106,0.0
4/21/2024 9:00,"(42.089797, -76.807734)",3.59,0.59,2.68,96623.81,0.01,0.0,0.0,3.651157738135522,0.01
4/21/2024 10:00,"(42.089797, -76.807734)",4.77,0.53,3.94,96576.6,0.02,0.0,0.0,3.548059850977293,0.02
4/21/2024 11:00,"(42.089797, -76.807734)",5.55,0.49,4.04,96553.37,0.05,0.0,0.0,3.45375950972247,0.05
4/21/2024 12:00,"(42.089797, -76.807734)",6.04,0.47,4.32,96532.18,0.06,0.0,0.0,3.421208551638337,0.06
4/21/2024 13:00,"(42.089797, -76.807734)",6.43,0.46,4.26,96472.14,0.14,0.0,0.0,3.4350284768973074,0.14
4/21/2024 14:00,"(42.089797, -76.807734)",7.13,0.46,4.2,96418.14,0.1,0.0,0.0,3.595399280733965,0.1
4/21/2024 15:00,"(42.089797, -76.807734)",7.47,0.45,3.93,96375.54,0.08,0.0,0.0,3.595718670406347,0.08
4/21/2024 16:00,"(42.089797, -76.807734)",7.75,0.44,4.37,96316.01,0.05,0.0,0.0,3.5801255976513473,0.05
4/21/2024 17:00,"(42.089797, -76.807734)",7.65,0.44,4.78,96273.26,0.02,0.0,0.0,3.557040304496758,0.02
4/21/2024 18:00,"(42.089797, -76.807734)",7.4,0.43,4.57,96398.02,0.0,0.0,0.0,3.420351162382053,0.0
4/21/2024 19:00,"(42.089797, -76.807734)",6.68,0.44,3.92,96395.34,0.0,0.0,0.0,3.339764319528856,0.0
4/21/2024 20:00,"(42.089797, -76.807734)",5.78,0.45,3.44,96432.52,0.0,0.0,0.0,3.2201813569389834,0.0
4/21/2024 21:00,"(42.089797, -76.807734)",4.92,0.48,3.49,96544.36,0.0,0.0,0.0,3.245425471501258,0.0
4/21/2024 22:00,"(42.089797, -76.807734)",3.37,0.55,3.17,96586.85,0.0,0.0,0.0,3.3538180664937274,0.0
4/21/2024 23:00,"(42.089797, -76.807734)",2.41,0.61,3.06,96585.48,0.0,0.0,0.0,3.486848277098403,0.0
4/22/2024 0:00,"(42.089797, -76.807734)",1.95,0.63,3.15,96588.95,0.0,0.0,0.0,3.4906911575714954,0.0
4/22/2024 1:00,"(42.089797, -76.807734)",1.47,0.65,3.21,96594.41,0.0,0.0,0.0,3.4858411122708244,0.0
4/22/2024 2:00,"(42.089797, -76.807734)",1.17,0.65,3.22,96607.75,0.0,0.0,0.0,3.4152148787440613,0.0
4/22/2024 3:00,"(42.089797, -76.807734)",0.93,0.66,3.15,96560.57,0.0,0.0,0.0,3.411306658948507,0.0
4/22/2024 4:00,"(42.089797, -76.807734)",-0.01,0.7,2.95,96570.53,0.0,0.0,0.0,3.3917040531277434,0.0
4/22/2024 5:00,"(42.089797, -76.807734)",-0.18,0.71,2.74,96585.77,0.0,0.0,0.0,3.4000106797729663,0.0
4/22/2024 6:00,"(42.089797, -76.807734)",0.11,0.72,2.38,96609.06,0.0,0.0,0.0,3.5176009214032264,0.0
4/22/2024 7:00,"(42.089797, -76.807734)",0.1,0.73,2.33,96685.86,0.0,0.0,0.0,3.5639988572018497,0.0
4/22/2024 8:00,"(42.089797, -76.807734)",2.36,0.67,1.8,96787.45,0.0,0.0,0.0,3.816890006778881,0.0
4/22/2024 9:00,"(42.089797, -76.807734)",4.47,0.61,2.12,96793.76,0.0,0.0,0.0,4.003114503269107,0.0
4/22/2024 10:00,"(42.089797, -76.807734)",6.47,0.5,2.18,96794.67,0.0,0.0,0.0,3.7435014416259924,0.0
4/22/2024 11:00,"(42.089797, -76.807734)",8.07,0.42,3.01,96795.63,0.0,0.0,0.0,3.488748069357913,0.0
4/22/2024 12:00,"(42.089797, -76.807734)",9.17,0.37,3.44,96795.65,0.0,0.0,0.0,3.2983177385352342,0.0
4/22/2024 13:00,"(42.089797, -76.807734)",10.94,0.31,3.59,96813.5,0.0,0.0,0.0,3.091896030952568,0.0
4/22/2024 14:00,"(42.089797, -76.807734)",12.02,0.28,3.57,96786.5,0.0,0.0,0.0,2.9883734799754715,0.0
4/22/2024 15:00,"(42.089797, -76.807734)",12.57,0.26,3.38,96754.92,0.0,0.0,0.0,2.8716394566951515,0.0
4/22/2024 16:00,"(42.089797, -76.807734)",13.31,0.24,3.29,96738.02,0.0,0.0,0.0,2.7751267115643423,0.0
4/22/2024 17:00,"(42.089797, -76.807734)",13.49,0.21,3.23,96729.4,0.0,0.0,0.0,2.455370027705683,0.0
4/22/2024 18:00,"(42.089797, -76.807734)",12.82,0.21,2.32,96729.34,0.0,0.0,0.0,2.355685642114603,0.0
4/22/2024 19:00,"(42.089797, -76.807734)",12.01,0.26,1.49,96749.06,0.0,0.0,0.0,2.7731862045489426,0.0
4/22/2024 20:00,"(42.089797, -76.807734)",9.53,0.4,1.86,96768.32,0.0,0.0,0.0,3.648615724059763,0.0
4/22/2024 21:00,"(42.089797, -76.807734)",6.3,0.53,0.88,96831.18,0.0,0.0,0.0,3.9242388320386157,0.0
4/22/2024 22:00,"(42.089797, -76.807734)",6.92,0.48,1.18,96894.26,0.0,0.0,0.0,3.700816653675905,0.0
4/22/2024 23:00,"(42.089797, -76.807734)",5.37,0.56,1.88,96853.84,0.0,0.0,0.0,3.90060620922607,0.0
4/23/2024 0:00,"(42.101167, -76.832994)",4.09,0.63,1.96,96829.1,0.0,0.0,0.0,4.031111936686076,0.0
4/23/2024 1:00,"(42.101167, -76.832994)",3.01,0.64,2.05,96835.75,0.0,0.0,0.0,3.809392029850379,0.0
4/23/2024 2:00,"(42.101167, -76.832994)",2.8,0.62,2.38,96818.24,0.0,0.0,0.0,3.6385393787800155,0.0
4/23/2024 3:00,"(42.101167, -76.832994)",2.44,0.63,2.47,96799.85,0.0,0.0,0.0,3.6084815800219485,0.0
4/23/2024 4:00,"(42.101167, -76.832994)",2.32,0.6,2.62,96799.15,0.0,0.0,0.0,3.4088740059035914,0.0
4/23/2024 5:00,"(42.101167, -76.832994)",2.42,0.59,3.04,96773.27,0.0,0.0,0.0,3.3748061171579984,0.0
4/23/2024 6:00,"(42.101167, -76.832994)",3.6,0.5,3.34,96771.97,0.0,0.0,0.0,3.096273374149727,0.0
4/23/2024 7:00,"(42.101167, -76.832994)",3.83,0.5,3.51,96762.28,0.0,0.0,0.0,3.144263312504083,0.0
4/23/2024 8:00,"(42.101167, -76.832994)",6.5,0.46,3.35,96797.81,0.0,0.0,0.0,3.45077944457918,0.0
4/23/2024 9:00,"(42.101167, -76.832994)",9.48,0.41,3.28,96763.13,0.0,0.0,0.0,3.727932260570046,0.0
4/23/2024 10:00,"(42.101167, -76.832994)",12.84,0.36,4.0,96665.05,0.0,0.0,0.0,4.043330724591039,0.0
4/23/2024 11:00,"(42.101167, -76.832994)",14.67,0.31,5.25,96606.4,0.0,0.0,0.0,3.8969317935625343,0.0
4/23/2024 12:00,"(42.101167, -76.832994)",15.96,0.28,6.16,96478.47,0.0,0.0,0.0,3.8069147240380588,0.0
4/23/2024 13:00,"(42.101167, -76.832994)",17.48,0.26,6.31,96358.87,0.0,0.0,0.0,3.873126410099146,0.0
4/23/2024 14:00,"(42.101167, -76.832994)",18.08,0.25,6.35,96258.22,0.0,0.0,0.0,3.8597193992026546,0.0
4/23/2024 15:00,"(42.101167, -76.832994)",18.34,0.25,6.26,96190.61,0.0,0.0,0.0,3.9197744870589855,0.0
4/23/2024 16:00,"(42.101167, -76.832994)",18.35,0.25,6.1,96124.08,0.0,0.0,0.0,3.9221003455994072,0.0
4/23/2024 17:00,"(42.101167, -76.832994)",18.67,0.23,5.71,96082.64,0.0,0.0,0.0,3.6773878610597763,0.0
4/23/2024 18:00,"(42.101167, -76.832994)",17.24,0.29,3.87,96017.87,0.0,0.0,0.0,4.258477611930169,0.0
4/23/2024 19:00,"(42.101167, -76.832994)",16.78,0.31,3.78,95946.93,0.0,0.0,0.0,4.428328173339522,0.0
4/23/2024 20:00,"(42.101167, -76.832994)",15.79,0.36,3.61,96037.68,0.01,0.0,0.0,4.84451354177775,0.01
4/23/2024 21:00,"(42.101167, -76.832994)",14.98,0.42,3.66,96125.2,0.14,0.0,0.0,5.380546613734834,0.14
4/23/2024 22:00,"(42.101167, -76.832994)",12.58,0.56,2.42,96169.7,0.16,0.0,0.0,6.18891494119238,0.16
4/23/2024 23:00,"(42.101167, -76.832994)",12.05,0.62,1.58,96073.45,0.06,0.0,0.0,6.629516815248536,0.06
4/24/2024 0:00,"(42.101167, -76.832994)",11.35,0.65,1.67,96018.9,0.02,0.0,0.0,6.652324883803088,0.02
4/24/2024 1:00,"(42.101167, -76.832994)",10.74,0.66,1.53,95977.75,0.06,0.0,0.0,6.500272423739655,0.06
4/24/2024 2:00,"(42.101167, -76.832994)",10.49,0.67,1.4,95938.68,0.19,0.0,0.0,6.495391494793711,0.19
4/24/2024 3:00,"(42.101167, -76.832994)",9.97,0.73,1.46,95883.2,0.49,0.0,0.0,6.84771221608772,0.49
4/24/2024 4:00,"(42.101167, -76.832994)",9.09,0.84,1.42,95882.31,0.66,0.0,0.0,7.449872515392378,0.66
4/24/2024 5:00,"(42.101167, -76.832994)",8.88,0.9,1.84,95871.19,0.36,0.0,0.0,7.875432527149432,0.36
4/24/2024 6:00,"(42.101167, -76.832994)",8.76,0.89,1.72,95916.92,0.08,0.0,0.0,7.728257318489881,0.08
4/24/2024 7:00,"(42.101167, -76.832994)",8.59,0.89,2.78,95991.43,0.06,0.0,0.0,7.644406386992436,0.06
4/24/2024 8:00,"(42.101167, -76.832994)",9.54,0.85,2.85,96035.8,0.03,0.0,0.0,7.758250306048196,0.03
4/24/2024 9:00,"(42.101167, -76.832994)",9.76,0.83,4.0,96045.14,0.12,0.0,0.0,7.682546584335337,0.12
4/24/2024 10:00,"(42.101167, -76.832994)",11.12,0.77,3.02,96132.92,0.29,0.0,0.0,7.767374715011073,0.29
4/24/2024 11:00,"(42.101167, -76.832994)",11.45,0.77,2.71,96189.37,0.48,0.0,0.0,7.930052764985593,0.48
4/24/2024 12:00,"(42.101167, -76.832994)",10.82,0.76,2.65,96221.98,1.63,0.0,0.0,7.523025224274741,1.63
4/24/2024 13:00,"(42.101167, -76.832994)",10.87,0.74,3.23,96268.04,0.28,0.0,0.0,7.3481748278066705,0.28
4/24/2024 14:00,"(42.101167, -76.832994)",9.76,0.78,4.64,96354.12,0.44,0.0,0.0,7.2197425732308,0.44
4/24/2024 15:00,"(42.101167, -76.832994)",9.41,0.79,4.59,96502.0,0.67,0.0,0.0,7.151097842412812,0.67
4/24/2024 16:00,"(42.101167, -76.832994)",7.96,0.78,4.08,96587.41,0.07,0.0,0.0,6.433281187565859,0.07
4/24/2024 17:00,"(42.101167, -76.832994)",6.91,0.76,4.29,96666.05,0.0,0.0,0.0,5.8558122649375575,0.0
4/24/2024 18:00,"(42.101167, -76.832994)",5.27,0.75,4.15,96726.05,0.0,0.0,0.0,5.189670931501386,0.0
4/24/2024 19:00,"(42.101167, -76.832994)",4.83,0.7,4.21,96829.12,0.0,0.0,0.0,4.704786168753679,0.0
4/24/2024 20:00,"(42.101167, -76.832994)",4.31,0.64,3.87,96914.23,0.0,0.0,0.0,4.155541407900136,0.0
4/24/2024 21:00,"(42.101167, -76.832994)",3.93,0.6,3.73,97030.31,0.0,0.0,0.0,3.79839675245496,0.0
4/24/2024 22:00,"(42.101167, -76.832994)",2.53,0.6,3.33,97117.94,0.0,0.0,0.0,3.457610322988711,0.0
4/24/2024 23:00,"(42.101167, -76.832994)",1.83,0.61,2.89,97175.66,0.0,0.0,0.0,3.352446981132825,0.0
4/25/2024 0:00,"(42.101167, -76.832994)",1.37,0.62,2.64,97222.52,0.0,0.0,0.0,3.3023662177893836,0.0
4/25/2024 1:00,"(42.101167, -76.832994)",-0.01,0.64,2.43,97237.25,0.0,0.0,0.0,3.100986562859651,0.0
4/25/2024 2:00,"(42.101167, -76.832994)",-0.31,0.66,2.21,97283.18,0.0,0.0,0.0,3.1322935826889844,0.0
4/25/2024 3:00,"(42.101167, -76.832994)",-0.82,0.69,2.04,97292.51,0.0,0.0,0.0,3.160913869173669,0.0
4/25/2024 4:00,"(42.101167, -76.832994)",-1.67,0.72,2.0,97368.38,0.0,0.0,0.0,3.1085391987447557,0.0
4/25/2024 5:00,"(42.101167, -76.832994)",-1.91,0.73,1.78,97409.37,0.0,0.0,0.0,3.0991692815742704,0.0
4/25/2024 6:00,"(42.101167, -76.832994)",-2.02,0.72,2.1,97447.14,0.0,0.0,0.0,3.03321690232958,0.0
4/25/2024 7:00,"(42.101167, -76.832994)",-1.09,0.69,1.96,97554.38,0.0,0.0,0.0,3.102106063065855,0.0
4/25/2024 8:00,"(42.101167, -76.832994)",0.2,0.57,1.98,97636.56,0.0,0.0,0.0,2.802090463117025,0.0
4/25/2024 9:00,"(42.101167, -76.832994)",2.14,0.49,1.74,97658.37,0.0,0.0,0.0,2.750190295453989,0.0
4/25/2024 10:00,"(42.101167, -76.832994)",3.85,0.42,1.81,97687.85,0.0,0.0,0.0,2.6447122255311633,0.0
4/25/2024 11:00,"(42.101167, -76.832994)",5.46,0.39,2.03,97684.87,0.0,0.0,0.0,2.732660123049612,0.0
4/25/2024 12:00,"(42.101167, -76.832994)",7.04,0.36,2.01,97655.48,0.0,0.0,0.0,2.797372891780299,0.0
4/25/2024 13:00,"(42.101167, -76.832994)",8.8,0.32,1.86,97600.36,0.0,0.0,0.0,2.7858347975410593,0.0
4/25/2024 14:00,"(42.101167, -76.832994)",9.89,0.29,1.85,97540.4,0.0,0.0,0.0,2.706537172931842,0.0
4/25/2024 15:00,"(42.101167, -76.832994)",10.65,0.27,1.92,97500.4,0.0,0.0,0.0,2.6441400384959013,0.0
4/25/2024 16:00,"(42.101167, -76.832994)",11.24,0.25,2.0,97454.2,0.0,0.0,0.0,2.540971201766921,0.0
4/25/2024 17:00,"(42.101167, -76.832994)",11.31,0.25,2.04,97447.94,0.0,0.0,0.0,2.5521686844246543,0.0
4/25/2024 18:00,"(42.101167, -76.832994)",10.22,0.27,2.34,97477.71,0.0,0.0,0.0,2.5731957243007497,0.0
4/25/2024 19:00,"(42.101167, -76.832994)",9.55,0.29,2.72,97484.57,0.0,0.0,0.0,2.6486194506298415,0.0
4/25/2024 20:00,"(42.101167, -76.832994)",7.24,0.34,3.25,97503.24,0.0,0.0,0.0,2.676528288991108,0.0
4/25/2024 21:00,"(42.101167, -76.832994)",6.05,0.39,3.17,97594.19,0.0,0.0,0.0,2.8407376488582203,0.0
4/25/2024 22:00,"(42.101167, -76.832994)",3.93,0.45,2.82,97627.1,0.0,0.0,0.0,2.8487975643412202,0.0
4/25/2024 23:00,"(42.101167, -76.832994)",2.5,0.53,2.32,97641.47,0.0,0.0,0.0,3.048039585728344,0.0
4/26/2024 0:00,"(42.101167, -76.832994)",1.2,0.62,1.66,97683.82,0.0,0.0,0.0,3.2642719567579435,0.0
4/26/2024 1:00,"(42.101167, -76.832994)",-1.08,0.72,1.5,97725.92,0.0,0.0,0.0,3.239235000715351,0.0
4/26/2024 2:00,"(42.101167, -76.832994)",-1.11,0.71,1.15,97756.46,0.0,0.0,0.0,3.187579367755865,0.0
4/26/2024 3:00,"(42.101167, -76.832994)",-1.52,0.73,0.97,97780.49,0.0,0.0,0.0,3.1849493673292164,0.0
4/26/2024 4:00,"(42.101167, -76.832994)",-2.63,0.78,1.18,97799.38,0.0,0.0,0.0,3.147915492991915,0.0
4/26/2024 5:00,"(42.101167, -76.832994)",-2.86,0.8,1.19,97830.1,0.0,0.0,0.0,3.176611459911758,0.0
4/26/2024 6:00,"(42.101167, -76.832994)",-2.42,0.77,1.19,97854.5,0.0,0.0,0.0,3.153900891904594,0.0
4/26/2024 7:00,"(42.101167, -76.832994)",-1.35,0.76,1.46,97898.15,0.0,0.0,0.0,3.355440256805353,0.0
4/26/2024 8:00,"(42.101167, -76.832994)",2.88,0.6,1.4,97907.47,0.0,0.0,0.0,3.5401941468356277,0.0
4/26/2024 9:00,"(42.101167, -76.832994)",5.25,0.47,1.78,97911.27,0.0,0.0,0.0,3.2479028045135174,0.0
4/26/2024 10:00,"(42.101167, -76.832994)",7.76,0.36,2.05,97883.22,0.0,0.0,0.0,2.931088334211073,0.0
4/26/2024 11:00,"(42.101167, -76.832994)",10.33,0.3,1.74,97921.97,0.0,0.0,0.0,2.8790941014763347,0.0
4/26/2024 12:00,"(42.101167, -76.832994)",11.69,0.29,1.68,97891.51,0.0,0.0,0.0,3.031900053318124,0.0
4/26/2024 13:00,"(42.101167, -76.832994)",13.82,0.28,1.88,97853.84,0.0,0.0,0.0,3.3410669296325377,0.0
4/26/2024 14:00,"(42.101167, -76.832994)",15.16,0.26,1.9,97854.5,0.0,0.0,0.0,3.3675308156578114,0.0
4/26/2024 15:00,"(42.101167, -76.832994)",15.81,0.25,2.01,97779.45,0.0,0.0,0.0,3.368321847179,0.0
4/26/2024 16:00,"(42.101167, -76.832994)",16.53,0.25,2.02,97720.99,0.0,0.0,0.0,3.5179490882239275,0.0
4/26/2024 17:00,"(42.101167, -76.832994)",16.78,0.25,2.12,97648.04,0.0,0.0,0.0,3.5712323978544536,0.0
4/26/2024 18:00,"(42.101167, -76.832994)",15.58,0.27,2.06,97534.13,0.0,0.0,0.0,3.5874375819270803,0.0
4/26/2024 19:00,"(42.101167, -76.832994)",15.1,0.33,2.38,97568.39,0.0,0.0,0.0,4.2585906894103225,0.0
4/26/2024 20:00,"(42.101167, -76.832994)",13.2,0.39,2.86,97591.93,0.0,0.0,0.0,4.4790244298206785,0.0
4/26/2024 21:00,"(42.101167, -76.832994)",11.62,0.44,3.29,97634.23,0.0,0.0,0.0,4.580003957750585,0.0
4/26/2024 22:00,"(42.101167, -76.832994)",10.22,0.5,3.71,97679.13,0.0,0.0,0.0,4.76517726722361,0.0
4/26/2024 23:00,"(42.101167, -76.832994)",9.62,0.52,4.01,97684.72,0.0,0.0,0.0,4.770470396356843,0.0
4/27/2024 0:00,"(42.101167, -76.832994)",9.3,0.52,4.21,97665.06,0.0,0.0,0.0,4.674126470777605,0.0
4/27/2024 1:00,"(42.101167, -76.832994)",8.66,0.52,4.51,97691.42,0.0,0.0,0.0,4.486511341013733,0.0
4/27/2024 2:00,"(42.101167, -76.832994)",8.59,0.5,4.69,97730.3,0.0,0.0,0.0,4.294610329771031,0.0
4/27/2024 3:00,"(42.101167, -76.832994)",8.16,0.48,4.54,97736.39,0.0,0.0,0.0,4.010342148896772,0.0
4/27/2024 4:00,"(42.101167, -76.832994)",7.33,0.49,4.42,97722.44,0.0,0.0,0.0,3.8799508897636747,0.0
4/27/2024 5:00,"(42.101167, -76.832994)",7.03,0.47,4.45,97740.12,0.0,0.0,0.0,3.6497508683207003,0.0
4/27/2024 6:00,"(42.101167, -76.832994)",7.23,0.45,4.19,97685.39,0.0,0.0,0.0,3.540164181888328,0.0
4/27/2024 7:00,"(42.101167, -76.832994)",7.35,0.43,4.43,97712.78,0.0,0.0,0.0,3.4092761142040082,0.0
4/27/2024 8:00,"(42.101167, -76.832994)",7.78,0.44,4.18,97717.31,0.0,0.0,0.0,3.587076615964043,0.0
4/27/2024 9:00,"(42.101167, -76.832994)",9.49,0.4,5.13,97655.3,0.0,0.0,0.0,3.6393262347172946,0.0
4/27/2024 10:00,"(42.101167, -76.832994)",10.99,0.41,5.36,97630.82,0.0,0.0,0.0,4.102178315433134,0.0
4/27/2024 11:00,"(42.101167, -76.832994)",10.68,0.5,5.54,97643.33,0.03,0.0,0.0,4.905838038744291,0.03
4/27/2024 12:00,"(42.101167, -76.832994)",9.56,0.59,5.11,97702.17,0.24,0.0,0.0,5.392004670052022,0.24
4/27/2024 13:00,"(42.101167, -76.832994)",8.42,0.75,5.03,97706.33,0.73,0.0,0.0,6.371923715099212,0.73
4/27/2024 14:00,"(42.101167, -76.832994)",8.4,0.82,5.44,97567.51,0.78,0.0,0.0,6.957681556777959,0.78
4/27/2024 15:00,"(42.101167, -76.832994)",9.9,0.71,5.62,97535.41,0.26,0.0,0.0,6.6305607223239225,0.26
4/27/2024 16:00,"(42.101167, -76.832994)",10.44,0.7,6.55,97468.37,0.16,0.0,0.0,6.764807815694489,0.16
4/27/2024 17:00,"(42.101167, -76.832994)",10.21,0.7,5.73,97348.94,0.06,0.0,0.0,6.667022359254086,0.06
4/27/2024 18:00,"(42.101167, -76.832994)",9.79,0.74,4.67,97355.61,0.16,0.0,0.0,6.862579287001812,0.16
4/27/2024 19:00,"(42.101167, -76.832994)",9.04,0.82,4.35,97346.29,0.69,0.0,0.0,7.249272193172712,0.69
4/27/2024 20:00,"(42.101167, -76.832994)",8.73,0.85,4.57,97218.0,0.04,0.0,0.0,7.366732360038472,0.04
4/27/2024 21:00,"(42.101167, -76.832994)",8.76,0.86,4.73,97243.31,0.0,0.0,0.0,7.467754262810447,0.0
4/27/2024 22:00,"(42.101167, -76.832994)",8.79,0.87,4.51,97262.13,0.0,0.0,0.0,7.5691343552691315,0.0
4/27/2024 23:00,"(42.101167, -76.832994)",8.89,0.87,4.46,97219.51,0.0,0.0,0.0,7.617796566554981,0.0
4/28/2024 0:00,"(42.101167, -76.832994)",8.95,0.88,4.36,97178.52,0.0,0.0,0.0,7.735022535073241,0.0
4/28/2024 1:00,"(42.101167, -76.832994)",8.98,0.9,4.14,97171.57,0.0,0.0,0.0,7.926026276888555,0.0
4/28/2024 2:00,"(42.101167, -76.832994)",9.16,0.9,4.11,97140.25,0.0,0.0,0.0,8.017808965301246,0.0
4/28/2024 3:00,"(42.101167, -76.832994)",9.31,0.91,3.83,97060.52,0.0,0.0,0.0,8.18494488827238,0.0
4/28/2024 4:00,"(42.101167, -76.832994)",9.65,0.92,3.57,97023.66,0.0,0.0,0.0,8.456198880076869,0.0
4/28/2024 5:00,"(42.101167, -76.832994)",9.87,0.92,3.11,97017.17,0.0,0.0,0.0,8.575351657539466,0.0
4/28/2024 6:00,"(42.101167, -76.832994)",10.5,0.91,2.57,97018.01,0.0,0.0,0.0,8.827677843081084,0.0
4/28/2024 7:00,"(42.101167, -76.832994)",11.17,0.9,2.71,97057.23,0.0,0.0,0.0,9.107339299179817,0.0
4/28/2024 8:00,"(42.101167, -76.832994)",11.74,0.88,2.59,97035.11,0.0,0.0,0.0,9.229085684920248,0.0
4/28/2024 9:00,"(42.101167, -76.832994)",12.9,0.86,2.86,97020.04,0.0,0.0,0.0,9.695068117986118,0.0
4/28/2024 10:00,"(42.101167, -76.832994)",16.3,0.78,2.93,96959.54,0.0,0.0,0.0,10.824958395506682,0.0
4/28/2024 11:00,"(42.101167, -76.832994)",18.62,0.7,3.17,96927.48,0.0,0.0,0.0,11.158983651093685,0.0
4/28/2024 12:00,"(42.101167, -76.832994)",19.94,0.66,3.5,96894.51,0.03,0.0,0.0,11.371631434365979,0.03
4/28/2024 13:00,"(42.101167, -76.832994)",20.21,0.69,3.31,96871.22,0.77,0.0,0.0,12.077806037142553,0.77
4/28/2024 14:00,"(42.101167, -76.832994)",20.42,0.7,3.03,96786.46,1.51,0.0,0.0,12.404019608189774,1.51
4/28/2024 15:00,"(42.101167, -76.832994)",21.32,0.66,2.9,96867.27,2.2,0.0,0.0,12.323413857284626,2.2
4/28/2024 16:00,"(42.101167, -76.832994)",21.19,0.76,1.73,96807.45,0.29,0.0,0.0,14.084082870413555,0.29
4/28/2024 17:00,"(42.101167, -76.832994)",21.89,0.72,1.64,96724.15,0.01,0.0,0.0,13.893982094346246,0.01
4/28/2024 18:00,"(42.101167, -76.832994)",20.54,0.78,0.55,96763.11,0.07,0.0,0.0,13.918682145816447,0.07
4/28/2024 19:00,"(42.101167, -76.832994)",20.26,0.8,0.47,96782.82,0.4,0.0,0.0,14.044223069568421,0.4
4/28/2024 20:00,"(42.101167, -76.832994)",19.61,0.83,0.25,96733.36,0.87,0.0,0.0,14.026594316333066,0.87
4/28/2024 21:00,"(42.101167, -76.832994)",18.22,0.88,1.17,96808.62,0.87,0.0,0.0,13.6996889468849,0.87
4/28/2024 22:00,"(42.101167, -76.832994)",17.31,0.92,1.23,96814.83,0.32,0.0,0.0,13.56635237959446,0.32
4/28/2024 23:00,"(42.101167, -76.832994)",16.98,0.94,0.88,96759.69,0.03,0.0,0.0,13.589996662142434,0.03
4/29/2024 0:00,"(42.101167, -76.832994)",16.12,0.96,1.52,96787.5,0.01,0.0,0.0,13.17908944405052,0.01
4/29/2024 1:00,"(42.101167, -76.832994)",15.69,0.96,1.33,96788.1,0.0,0.0,0.0,12.840683199076958,0.0
4/29/2024 2:00,"(42.101167, -76.832994)",15.09,0.97,0.75,96730.95,0.0,0.0,0.0,12.510055642948972,0.0
4/29/2024 3:00,"(42.101167, -76.832994)",15.13,0.98,0.72,96668.95,0.0,0.0,0.0,12.669843996704333,0.0
4/29/2024 4:00,"(42.101167, -76.832994)",14.42,0.98,0.69,96678.61,0.0,0.0,0.0,12.132389145340383,0.0
4/29/2024 5:00,"(42.101167, -76.832994)",14.16,0.98,0.65,96633.41,0.0,0.0,0.0,11.940583366419164,0.0
4/29/2024 6:00,"(42.101167, -76.832994)",13.39,0.96,1.83,96612.61,0.01,0.0,0.0,11.155488827587886,0.01
4/29/2024 7:00,"(42.101167, -76.832994)",14.0,0.94,2.07,96622.86,0.02,0.0,0.0,11.341254951775099,0.02
4/29/2024 8:00,"(42.101167, -76.832994)",14.79,0.95,1.6,96633.01,0.0,0.0,0.0,12.030053251241776,0.0
4/29/2024 9:00,"(42.101167, -76.832994)",16.47,0.93,1.23,96651.41,0.0,0.0,0.0,13.039582205335536,0.0
4/29/2024 10:00,"(42.101167, -76.832994)",19.59,0.78,1.83,96655.59,0.0,0.0,0.0,13.166145759312203,0.0
4/29/2024 11:00,"(42.101167, -76.832994)",22.65,0.65,2.71,96609.38,0.0,0.0,0.0,13.103381313080767,0.0
4/29/2024 12:00,"(42.101167, -76.832994)",23.99,0.58,4.18,96615.93,0.05,0.0,0.0,12.620555460822874,0.05
4/29/2024 13:00,"(42.101167, -76.832994)",25.72,0.5,3.73,96581.98,0.03,0.0,0.0,11.993405475830064,0.03
4/29/2024 14:00,"(42.101167, -76.832994)",26.48,0.47,3.21,96571.5,0.04,0.0,0.0,11.762010333532583,0.04
4/29/2024 15:00,"(42.101167, -76.832994)",25.95,0.49,2.77,96535.34,0.04,0.0,0.0,11.905619170736095,0.04
4/29/2024 16:00,"(42.101167, -76.832994)",26.06,0.48,2.24,96493.57,0.04,0.0,0.0,11.73448143637634,0.04
4/29/2024 17:00,"(42.101167, -76.832994)",25.52,0.51,1.83,96482.54,0.02,0.0,0.0,12.097046776948021,0.02
4/29/2024 18:00,"(42.101167, -76.832994)",24.02,0.56,2.6,96325.29,0.0,0.0,0.0,12.206111597768873,0.0
4/29/2024 19:00,"(42.101167, -76.832994)",23.05,0.61,1.82,96322.25,0.0,0.0,0.0,12.581757459843834,0.0
4/29/2024 20:00,"(42.101167, -76.832994)",21.67,0.67,1.8,96315.0,0.0,0.0,0.0,12.76599477501548,0.0
4/29/2024 21:00,"(42.101167, -76.832994)",19.49,0.74,1.68,96344.36,0.0,0.0,0.0,12.417784343735853,0.0
4/29/2024 22:00,"(42.101167, -76.832994)",18.75,0.77,1.97,96358.79,0.0,0.0,0.0,12.369645640138916,0.0
4/29/2024 23:00,"(42.101167, -76.832994)",18.35,0.77,1.93,96290.69,0.0,0.0,0.0,12.080069064446175,0.0
4/30/2024 0:00,"(42.101167, -76.832994)",17.43,0.79,2.22,96264.53,0.0,0.0,0.0,11.733243480199414,0.0
4/30/2024 1:00,"(42.101167, -76.832994)",15.88,0.83,2.49,96250.37,0.0,0.0,0.0,11.23030747913929,0.0
4/30/2024 2:00,"(42.101167, -76.832994)",15.66,0.83,2.64,96193.98,0.0,0.0,0.0,11.081673326094956,0.0
4/30/2024 3:00,"(42.101167, -76.832994)",15.05,0.83,2.46,96132.73,0.0,0.0,0.0,10.678434112080378,0.0
4/30/2024 4:00,"(42.101167, -76.832994)",14.17,0.85,1.83,96138.7,0.4,0.0,0.0,10.362984517092562,0.4
4/30/2024 5:00,"(42.101167, -76.832994)",13.84,0.86,1.25,96115.12,0.82,0.0,0.0,10.274482469909012,0.82
4/30/2024 6:00,"(42.101167, -76.832994)",14.27,0.84,0.74,96136.6,0.83,0.0,0.0,10.304064353466186,0.83
4/30/2024 7:00,"(42.101167, -76.832994)",13.97,0.87,0.36,96181.16,0.32,0.0,0.0,10.47736276607668,0.32
4/30/2024 8:00,"(42.101167, -76.832994)",15.5,0.89,0.45,96187.08,0.0,0.0,0.0,11.767997608514102,0.0
4/30/2024 9:00,"(42.101167, -76.832994)",17.54,0.82,0.33,96184.59,0.0,0.0,0.0,12.259091491278822,0.0
4/30/2024 10:00,"(42.101167, -76.832994)",19.96,0.7,0.78,96139.19,0.0,0.0,0.0,12.074955639008799,0.0
4/30/2024 11:00,"(42.101167, -76.832994)",21.81,0.64,1.5,96092.59,0.0,0.0,0.0,12.29334580362004,0.0
4/30/2024 12:00,"(42.101167, -76.832994)",23.3,0.59,2.62,96039.63,0.01,0.0,0.0,12.344142669031841,0.01
4/30/2024 13:00,"(42.101167, -76.832994)",23.81,0.54,3.58,96037.79,0.04,0.0,0.0,11.630745735205233,0.04
4/30/2024 14:00,"(42.101167, -76.832994)",21.47,0.64,3.66,96048.48,3.61,0.0,0.0,12.05420001386778,3.61
4/30/2024 15:00,"(42.101167, -76.832994)",18.46,0.81,3.51,96104.77,1.86,0.0,0.0,12.790754281143371,1.86
4/30/2024 16:00,"(42.101167, -76.832994)",17.54,0.88,3.27,96129.22,0.66,0.0,0.0,13.156098185762636,0.66
4/30/2024 17:00,"(42.101167, -76.832994)",17.49,0.85,2.72,96154.62,0.97,0.0,0.0,12.669709383011115,0.97
4/30/2024 18:00,"(42.101167, -76.832994)",15.64,0.9,2.01,96210.69,0.68,0.0,0.0,12.001712604221705,0.68
4/30/2024 19:00,"(42.101167, -76.832994)",15.02,0.92,1.6,96236.53,0.63,0.0,0.0,11.814723493715698,0.63
4/30/2024 20:00,"(42.101167, -76.832994)",14.52,0.94,0.92,96265.81,0.17,0.0,0.0,11.708629585040004,0.17
4/30/2024 21:00,"(42.101167, -76.832994)",14.32,0.94,0.79,96282.24,0.01,0.0,0.0,11.566128050427965,0.01
4/30/2024 22:00,"(42.101167, -76.832994)",13.85,0.94,0.36,96286.13,0.0,0.0,0.0,11.23715846448596,0.0
4/30/2024 23:00,"(42.101167, -76.832994)",13.55,0.95,0.69,96293.67,0.0,0.0,0.0,11.148806671812983,0.0
5/1/2024 0:00,"(42.101167, -76.832994)",13.18,0.96,1.14,96269.49,0.0,0.0,0.0,11.011662934294371,0.0
5/1/2024 1:00,"(42.101167, -76.832994)",12.15,0.96,1.43,96268.81,0.0,0.0,0.0,10.32930569530942,0.0
5/1/2024 2:00,"(42.101167, -76.832994)",11.4,0.96,1.59,96248.65,0.0,0.0,0.0,9.855853396589461,0.0
5/1/2024 3:00,"(42.101167, -76.832994)",10.71,0.97,1.84,96262.4,0.0,0.0,0.0,9.535363370613938,0.0
5/1/2024 4:00,"(42.101167, -76.832994)",10.0,0.97,1.7,96281.67,0.0,0.0,0.0,9.116360510629063,0.0
5/1/2024 5:00,"(42.101167, -76.832994)",9.76,0.97,1.93,96295.93,0.0,0.0,0.0,8.978397815428044,0.0
5/1/2024 6:00,"(42.101167, -76.832994)",9.59,0.96,1.21,96329.53,0.0,0.0,0.0,8.790212825384513,0.0
5/1/2024 7:00,"(42.101167, -76.832994)",9.66,0.95,0.91,96363.98,0.0,0.0,0.0,8.73750467033462,0.0
5/1/2024 8:00,"(42.101167, -76.832994)",11.07,0.93,0.78,96407.12,0.0,0.0,0.0,9.35191273518142,0.0
5/1/2024 9:00,"(42.101167, -76.832994)",12.93,0.84,0.89,96408.21,0.0,0.0,0.0,9.487225595396335,0.0
5/1/2024 10:00,"(42.101167, -76.832994)",15.77,0.74,1.34,96405.31,0.0,0.0,0.0,9.94611343806734,0.0
5/1/2024 11:00,"(42.101167, -76.832994)",18.06,0.6,2.26,96383.93,0.0,0.0,0.0,9.252319017913248,0.0
5/1/2024 12:00,"(42.101167, -76.832994)",19.19,0.55,2.53,96347.57,0.0,0.0,0.0,9.067923450733387,0.0
5/1/2024 13:00,"(42.101167, -76.832994)",20.83,0.49,2.33,96333.15,0.0,0.0,0.0,8.892668984381116,0.0
5/1/2024 14:00,"(42.101167, -76.832994)",21.7,0.45,1.76,96257.6,0.0,0.0,0.0,8.589045463627814,0.0
5/1/2024 15:00,"(42.101167, -76.832994)",22.53,0.43,1.48,96234.46,0.0,0.0,0.0,8.608944286151996,0.0
5/1/2024 16:00,"(42.101167, -76.832994)",23.98,0.38,1.7,96240.12,0.0,0.0,0.0,8.263951431880109,0.0
5/1/2024 17:00,"(42.101167, -76.832994)",24.55,0.35,2.26,96204.05,0.0,0.0,0.0,7.861063269826713,0.0
5/1/2024 18:00,"(42.101167, -76.832994)",23.99,0.4,0.61,96208.42,0.0,0.0,0.0,8.703831352291637,0.0
5/1/2024 19:00,"(42.101167, -76.832994)",22.92,0.55,1.4,96200.17,0.0,0.0,0.0,11.260213988126997,0.0
5/1/2024 20:00,"(42.101167, -76.832994)",21.07,0.61,2.02,96185.69,0.0,0.0,0.0,11.225905782315282,0.0
5/1/2024 21:00,"(42.101167, -76.832994)",19.77,0.63,2.49,96241.39,0.0,0.0,0.0,10.747129045060806,0.0
5/1/2024 22:00,"(42.101167, -76.832994)",18.03,0.64,3.17,96291.87,0.0,0.0,0.0,9.851550851070291,0.0
5/1/2024 23:00,"(42.101167, -76.832994)",17.61,0.61,3.51,96304.32,0.0,0.0,0.0,9.157749983372629,0.0
5/2/2024 0:00,"(42.101167, -76.832994)",16.61,0.62,3.64,96295.27,0.0,0.0,0.0,8.766612332467538,0.0
5/2/2024 1:00,"(42.101167, -76.832994)",15.67,0.62,3.67,96283.49,0.0,0.0,0.0,8.282895413715838,0.0
5/2/2024 2:00,"(42.101167, -76.832994)",16.29,0.6,3.67,96239.18,0.03,0.0,0.0,8.321871052092611,0.03
5/2/2024 3:00,"(42.101167, -76.832994)",16.11,0.61,3.59,96249.93,0.0,0.0,0.0,8.369157198837698,0.0
5/2/2024 4:00,"(42.101167, -76.832994)",14.92,0.67,3.54,96252.56,0.0,0.0,0.0,8.551914044805667,0.0
5/2/2024 5:00,"(42.101167, -76.832994)",14.15,0.74,3.15,96268.66,0.0,0.0,0.0,9.010828279181776,0.0
5/2/2024 6:00,"(42.101167, -76.832994)",14.09,0.75,2.43,96358.25,0.0,0.0,0.0,9.099026878853284,0.0
5/2/2024 7:00,"(42.101167, -76.832994)",14.0,0.77,2.77,96488.74,0.0,0.0,0.0,9.290176928581731,0.0
5/2/2024 8:00,"(42.101167, -76.832994)",14.85,0.72,2.34,96554.03,0.0,0.0,0.0,9.150960858491272,0.0
5/2/2024 9:00,"(42.101167, -76.832994)",15.65,0.66,2.85,96583.44,0.0,0.0,0.0,8.80659305562556,0.0
5/2/2024 10:00,"(42.101167, -76.832994)",17.48,0.57,2.92,96578.65,0.0,0.0,0.0,8.491084822140435,0.0
5/2/2024 11:00,"(42.101167, -76.832994)",18.88,0.51,3.15,96555.46,0.0,0.0,0.0,8.256066174954222,0.0
5/2/2024 12:00,"(42.101167, -76.832994)",20.1,0.46,3.81,96531.59,0.0,0.0,0.0,8.000252824878062,0.0
5/2/2024 13:00,"(42.101167, -76.832994)",21.62,0.4,4.39,96540.1,0.0,0.0,0.0,7.599503840889914,0.0
5/2/2024 14:00,"(42.101167, -76.832994)",22.54,0.36,4.26,96494.54,0.0,0.0,0.0,7.211624398601534,0.0
5/2/2024 15:00,"(42.101167, -76.832994)",23.11,0.34,4.23,96483.42,0.0,0.0,0.0,7.0368597628455545,0.0
5/2/2024 16:00,"(42.101167, -76.832994)",23.75,0.32,4.4,96553.83,0.0,0.0,0.0,6.868841374237229,0.0
5/2/2024 17:00,"(42.101167, -76.832994)",23.46,0.32,3.92,96541.84,0.0,0.0,0.0,6.756454257744101,0.0
5/2/2024 18:00,"(42.101167, -76.832994)",21.5,0.35,3.29,96541.76,0.0,0.0,0.0,6.6035913289780925,0.0
5/2/2024 19:00,"(42.101167, -76.832994)",20.14,0.39,3.53,96605.81,0.0,0.0,0.0,6.798708740173319,0.0
5/2/2024 20:00,"(42.101167, -76.832994)",18.16,0.44,3.44,96694.29,0.0,0.0,0.0,6.825478055510427,0.0
5/2/2024 21:00,"(42.101167, -76.832994)",16.13,0.52,2.93,96752.87,0.0,0.0,0.0,7.142985639505821,0.0
5/2/2024 22:00,"(42.101167, -76.832994)",14.49,0.6,2.02,96795.88,0.0,0.0,0.0,7.459887924427061,0.0
5/2/2024 23:00,"(42.101167, -76.832994)",13.16,0.66,1.7,96778.57,0.0,0.0,0.0,7.561159096558752,0.0
5/3/2024 0:00,"(42.101167, -76.832994)",12.24,0.69,1.56,96757.81,0.0,0.0,0.0,7.465963064427558,0.0
5/3/2024 1:00,"(42.101167, -76.832994)",11.94,0.69,1.55,96758.12,0.0,0.0,0.0,7.327503581121239,0.0
5/3/2024 2:00,"(42.101167, -76.832994)",10.23,0.76,1.24,96736.85,0.0,0.0,0.0,7.247660004808651,0.0
5/3/2024 3:00,"(42.101167, -76.832994)",9.47,0.8,1.41,96707.72,0.0,0.0,0.0,7.269378438982608,0.0
5/3/2024 4:00,"(42.101167, -76.832994)",8.65,0.83,1.46,96734.34,0.0,0.0,0.0,7.1565676039261605,0.0
5/3/2024 5:00,"(42.101167, -76.832994)",8.12,0.85,1.42,96714.41,0.0,0.0,0.0,7.08336145504059,0.0
5/3/2024 6:00,"(42.101167, -76.832994)",9.26,0.84,1.71,96798.58,0.0,0.0,0.0,7.5312517782497,0.0
5/3/2024 7:00,"(42.101167, -76.832994)",9.99,0.83,2.24,96870.96,0.0,0.0,0.0,7.795647019231103,0.0
5/3/2024 8:00,"(42.101167, -76.832994)",12.35,0.74,1.91,96899.43,0.0,0.0,0.0,8.06202994878944,0.0
5/3/2024 9:00,"(42.101167, -76.832994)",14.77,0.63,2.58,96894.29,0.0,0.0,0.0,7.968090104436025,0.0
5/3/2024 10:00,"(42.101167, -76.832994)",17.76,0.54,2.72,96853.94,0.0,0.0,0.0,8.179702646762916,0.0
5/3/2024 11:00,"(42.101167, -76.832994)",19.24,0.49,2.79,96851.27,0.0,0.0,0.0,8.102525125927434,0.0
5/3/2024 12:00,"(42.101167, -76.832994)",20.45,0.47,2.71,96858.88,0.0,0.0,0.0,8.343001317020258,0.0
5/3/2024 13:00,"(42.101167, -76.832994)",21.98,0.44,2.68,96805.94,0.0,0.0,0.0,8.534931161174232,0.0
5/3/2024 14:00,"(42.101167, -76.832994)",22.77,0.42,2.86,96769.52,0.0,0.0,0.0,8.52520939378731,0.0
5/3/2024 15:00,"(42.101167, -76.832994)",22.84,0.42,3.13,96742.52,0.0,0.0,0.0,8.559441493599355,0.0
5/3/2024 16:00,"(42.101167, -76.832994)",22.89,0.44,3.28,96735.23,0.0,0.0,0.0,8.992725708660616,0.0
5/3/2024 17:00,"(42.101167, -76.832994)",22.96,0.44,3.13,96733.1,0.0,0.0,0.0,9.02880071864381,0.0
5/3/2024 18:00,"(42.101167, -76.832994)",21.32,0.5,2.31,96658.17,0.0,0.0,0.0,9.335919588851988,0.0
5/3/2024 19:00,"(42.101167, -76.832994)",20.43,0.53,2.85,96695.64,0.0,0.0,0.0,9.397095574210985,0.0
5/3/2024 20:00,"(42.101167, -76.832994)",18.74,0.61,3.58,96767.13,0.0,0.0,0.0,9.793537121296856,0.0
5/3/2024 21:00,"(42.101167, -76.832994)",17.68,0.67,3.91,96858.36,0.0,0.0,0.0,10.100601651609999,0.0
5/3/2024 22:00,"(42.101167, -76.832994)",16.59,0.7,4.17,96916.8,0.0,0.0,0.0,9.885886867613786,0.0
5/3/2024 23:00,"(42.101167, -76.832994)",15.81,0.71,3.89,96934.18,0.0,0.0,0.0,9.566034045988362,0.0
5/4/2024 0:00,"(42.101167, -76.832994)",15.57,0.7,3.83,96959.17,0.04,0.0,0.0,9.29512427925344,0.04
5/4/2024 1:00,"(42.101167, -76.832994)",14.49,0.72,3.53,96976.1,0.15,0.0,0.0,8.951865509312473,0.15
5/4/2024 2:00,"(42.101167, -76.832994)",14.11,0.73,3.29,96993.76,0.24,0.0,0.0,8.867265951693442,0.24
5/4/2024 3:00,"(42.101167, -76.832994)",13.1,0.77,3.14,97011.71,0.08,0.0,0.0,8.788665486281529,0.08
5/4/2024 4:00,"(42.101167, -76.832994)",12.67,0.77,3.16,97028.17,0.08,0.0,0.0,8.557472815921182,0.08
5/4/2024 5:00,"(42.101167, -76.832994)",12.12,0.77,3.16,97055.38,0.11,0.0,0.0,8.269475061232217,0.11
5/4/2024 6:00,"(42.101167, -76.832994)",11.8,0.79,2.63,97107.17,0.24,0.0,0.0,8.316360597170467,0.24
5/4/2024 7:00,"(42.101167, -76.832994)",11.32,0.81,2.79,97157.22,0.52,0.0,0.0,8.274220705909391,0.52
5/4/2024 8:00,"(42.101167, -76.832994)",11.12,0.81,3.12,97204.31,0.75,0.0,0.0,8.170874700206452,0.75
5/4/2024 9:00,"(42.101167, -76.832994)",11.05,0.83,3.34,97210.2,0.6,0.0,0.0,8.335833261093887,0.6
5/4/2024 10:00,"(42.101167, -76.832994)",11.7,0.79,3.3,97204.33,0.38,0.0,0.0,8.264485901410042,0.38
5/4/2024 11:00,"(42.101167, -76.832994)",12.4,0.75,3.59,97212.76,0.33,0.0,0.0,8.196449521347125,0.33
5/4/2024 12:00,"(42.101167, -76.832994)",13.07,0.72,3.78,97206.38,0.24,0.0,0.0,8.202727702965424,0.24
5/4/2024 13:00,"(42.101167, -76.832994)",14.23,0.66,4.11,97193.46,0.13,0.0,0.0,8.07621980080018,0.13
5/4/2024 14:00,"(42.101167, -76.832994)",15.52,0.62,4.33,97187.92,0.05,0.0,0.0,8.207887368328585,0.05
5/4/2024 15:00,"(42.101167, -76.832994)",16.34,0.58,4.38,97175.67,0.0,0.0,0.0,8.068764153377854,0.0
5/4/2024 16:00,"(42.101167, -76.832994)",16.45,0.57,4.42,97140.32,0.0,0.0,0.0,7.982381448937928,0.0
5/4/2024 17:00,"(42.101167, -76.832994)",15.9,0.59,4.71,97137.87,0.0,0.0,0.0,7.992655314842261,0.0
5/4/2024 18:00,"(42.101167, -76.832994)",14.62,0.61,4.24,97112.48,0.0,0.0,0.0,7.644759922342037,0.0
5/4/2024 19:00,"(42.101167, -76.832994)",13.94,0.62,4.73,97087.49,0.0,0.0,0.0,7.452872498236954,0.0
5/4/2024 20:00,"(42.101167, -76.832994)",13.04,0.66,5.04,97083.45,0.04,0.0,0.0,7.505214797145376,0.04
5/4/2024 21:00,"(42.101167, -76.832994)",12.06,0.73,4.91,97108.14,0.07,0.0,0.0,7.810594976147943,0.07
5/4/2024 22:00,"(42.101167, -76.832994)",11.18,0.78,4.56,97149.79,0.12,0.0,0.0,7.897991064516657,0.12
5/4/2024 23:00,"(42.101167, -76.832994)",10.58,0.85,4.74,97103.18,0.41,0.0,0.0,8.287425329446926,0.41
5/5/2024 0:00,"(42.101167, -76.832994)",9.68,0.92,4.76,97076.72,1.11,0.0,0.0,8.472361608459739,1.11
5/5/2024 1:00,"(42.101167, -76.832994)",9.0,0.96,4.85,97066.71,0.7,0.0,0.0,8.465257535139353,0.7
5/5/2024 2:00,"(42.101167, -76.832994)",8.95,0.95,4.95,96999.05,1.39,0.0,0.0,8.350308418544978,1.39
5/5/2024 3:00,"(42.101167, -76.832994)",8.67,0.95,4.99,96980.41,0.85,0.0,0.0,8.201773073098911,0.85
5/5/2024 4:00,"(42.101167, -76.832994)",8.53,0.95,5.06,96936.46,0.68,0.0,0.0,8.128372753024458,0.68
5/5/2024 5:00,"(42.101167, -76.832994)",8.58,0.95,4.97,96905.96,0.78,0.0,0.0,8.154521157289848,0.78
5/5/2024 6:00,"(42.101167, -76.832994)",8.82,0.94,4.67,96882.11,0.82,0.0,0.0,8.193887615353459,0.82
5/5/2024 7:00,"(42.101167, -76.832994)",8.89,0.93,4.94,96869.42,0.4,0.0,0.0,8.143161847007049,0.4
5/5/2024 8:00,"(42.101167, -76.832994)",9.04,0.93,4.98,96876.21,0.22,0.0,0.0,8.221735536159299,0.22
5/5/2024 9:00,"(42.101167, -76.832994)",9.22,0.93,5.11,96876.21,0.09,0.0,0.0,8.316895201815312,0.09
5/5/2024 10:00,"(42.101167, -76.832994)",9.85,0.91,5.09,96895.61,0.08,0.0,0.0,8.471367563826867,0.08
5/5/2024 11:00,"(42.101167, -76.832994)",10.38,0.9,4.86,96892.75,0.12,0.0,0.0,8.664658706692837,0.12
5/5/2024 12:00,"(42.101167, -76.832994)",10.78,0.9,4.86,96884.8,0.33,0.0,0.0,8.886402150881391,0.33
5/5/2024 13:00,"(42.101167, -76.832994)",11.29,0.9,4.45,96864.78,0.59,0.0,0.0,9.176274119348369,0.59
5/5/2024 14:00,"(42.101167, -76.832994)",11.24,0.92,4.34,96824.47,0.46,0.0,0.0,9.35077402250227,0.46
5/5/2024 15:00,"(42.101167, -76.832994)",11.19,0.93,4.35,96813.31,0.02,0.0,0.0,9.422756961024078,0.02
5/5/2024 16:00,"(42.101167, -76.832994)",11.7,0.92,4.38,96757.19,0.02,0.0,0.0,9.624464594047137,0.02
5/5/2024 17:00,"(42.101167, -76.832994)",12.1,0.9,4.48,96727.86,0.01,0.0,0.0,9.653567291564938,0.01
5/5/2024 18:00,"(42.101167, -76.832994)",13.23,0.84,3.47,96775.21,0.0,0.0,0.0,9.665040280002273,0.0
5/5/2024 19:00,"(42.101167, -76.832994)",13.06,0.85,3.26,96774.15,0.0,0.0,0.0,9.677782931508643,0.0
5/5/2024 20:00,"(42.101167, -76.832994)",12.85,0.87,2.67,96821.32,0.0,0.0,0.0,9.777444228391431,0.0
5/5/2024 21:00,"(42.101167, -76.832994)",12.44,0.9,2.67,96827.49,0.0,0.0,0.0,9.860253305711018,0.0
5/5/2024 22:00,"(42.101167, -76.832994)",12.05,0.93,2.9,96844.43,0.0,0.0,0.0,9.944275222872804,0.0
5/5/2024 23:00,"(42.101167, -76.832994)",11.93,0.94,2.79,96783.3,0.0,0.0,0.0,9.976161377334234,0.0
5/6/2024 0:00,"(42.101167, -76.832994)",12.06,0.95,2.9,96744.02,0.0,0.0,0.0,10.16447291416513,0.0
5/6/2024 1:00,"(42.101167, -76.832994)",12.17,0.95,2.82,96719.52,0.01,0.0,0.0,10.234465809187158,0.01
5/6/2024 2:00,"(42.101167, -76.832994)",12.21,0.97,2.59,96676.48,0.0,0.0,0.0,10.476021873457409,0.0
5/6/2024 3:00,"(42.101167, -76.832994)",12.47,0.98,2.51,96658.81,0.0,0.0,0.0,10.75677785216399,0.0
5/6/2024 4:00,"(42.101167, -76.832994)",12.72,0.97,2.15,96643.71,0.0,0.0,0.0,10.813712830358476,0.0
5/6/2024 5:00,"(42.101167, -76.832994)",12.78,0.98,1.95,96613.63,0.0,0.0,0.0,10.965953564258085,0.0
5/6/2024 6:00,"(42.101167, -76.832994)",13.15,0.95,1.78,96610.75,0.0,0.0,0.0,10.87675623680518,0.0
5/6/2024 7:00,"(42.101167, -76.832994)",13.59,0.95,1.47,96626.18,0.01,0.0,0.0,11.176333818454687,0.01
5/6/2024 8:00,"(42.101167, -76.832994)",14.58,0.91,1.63,96632.71,0.0,0.0,0.0,11.376622452734669,0.0
5/6/2024 9:00,"(42.101167, -76.832994)",15.29,0.84,2.4,96677.51,0.0,0.0,0.0,10.966089711857554,0.0
5/6/2024 10:00,"(42.101167, -76.832994)",15.54,0.77,1.95,96670.7,0.0,0.0,0.0,10.20604485389763,0.0
5/6/2024 11:00,"(42.101167, -76.832994)",16.01,0.73,1.61,96657.6,0.0,0.0,0.0,9.955217772748707,0.0
5/6/2024 12:00,"(42.101167, -76.832994)",17.62,0.68,1.65,96636.21,0.0,0.0,0.0,10.214732389700364,0.0
5/6/2024 13:00,"(42.101167, -76.832994)",19.24,0.6,1.81,96590.13,0.01,0.0,0.0,9.921459337870326,0.01
5/6/2024 14:00,"(42.101167, -76.832994)",20.68,0.51,1.8,96523.7,0.0,0.0,0.0,9.1752022965544,0.0
5/6/2024 15:00,"(42.101167, -76.832994)",21.44,0.47,1.95,96477.13,0.0,0.0,0.0,8.836949491935634,0.0
5/6/2024 16:00,"(42.101167, -76.832994)",22.38,0.41,2.01,96392.17,0.0,0.0,0.0,8.138147814151695,0.0
5/6/2024 17:00,"(42.101167, -76.832994)",22.66,0.39,2.1,96331.71,0.0,0.0,0.0,7.86653627954827,0.0
5/6/2024 18:00,"(42.101167, -76.832994)",21.5,0.39,2.19,96321.48,0.0,0.0,0.0,7.358287480861304,0.0
5/6/2024 19:00,"(42.101167, -76.832994)",20.13,0.44,2.89,96288.34,0.0,0.0,0.0,7.6658540909434265,0.0
5/6/2024 20:00,"(42.101167, -76.832994)",17.72,0.49,2.97,96289.17,0.0,0.0,0.0,7.404646757846332,0.0
5/6/2024 21:00,"(42.101167, -76.832994)",15.86,0.54,2.67,96281.2,0.0,0.0,0.0,7.29762784161401,0.0
5/6/2024 22:00,"(42.101167, -76.832994)",13.93,0.63,1.77,96343.54,0.0,0.0,0.0,7.568426527838559,0.0
5/6/2024 23:00,"(42.101167, -76.832994)",12.52,0.71,1.42,96313.33,0.0,0.0,0.0,7.8174474042655495,0.0
5/7/2024 0:00,"(42.101167, -76.832994)",11.55,0.74,1.4,96316.92,0.0,0.0,0.0,7.66902406777846,0.0
5/7/2024 1:00,"(42.101167, -76.832994)",10.38,0.75,1.39,96291.28,0.0,0.0,0.0,7.2205489222440296,0.0
5/7/2024 2:00,"(42.101167, -76.832994)",9.35,0.8,1.66,96246.21,0.0,0.0,0.0,7.2139500777217505,0.0
5/7/2024 3:00,"(42.101167, -76.832994)",8.7,0.82,1.53,96220.19,0.0,0.0,0.0,7.093066160073409,0.0
5/7/2024 4:00,"(42.101167, -76.832994)",8.3,0.84,1.38,96179.25,0.0,0.0,0.0,7.081667847846078,0.0
5/7/2024 5:00,"(42.101167, -76.832994)",7.68,0.84,1.34,96135.46,0.0,0.0,0.0,6.803908785115069,0.0
5/7/2024 6:00,"(42.101167, -76.832994)",7.48,0.84,0.71,96127.02,0.0,0.0,0.0,6.716359722343617,0.0
5/7/2024 7:00,"(42.101167, -76.832994)",8.39,0.82,0.39,96146.49,0.0,0.0,0.0,6.953207801479891,0.0
5/7/2024 8:00,"(42.101167, -76.832994)",11.09,0.73,0.23,96165.67,0.0,0.0,0.0,7.349991523495201,0.0
5/7/2024 9:00,"(42.101167, -76.832994)",13.41,0.54,0.64,96169.92,0.0,0.0,0.0,6.282715056504921,0.0
5/7/2024 10:00,"(42.101167, -76.832994)",16.64,0.42,0.52,96154.49,0.0,0.0,0.0,5.949397953801756,0.0
5/7/2024 11:00,"(42.101167, -76.832994)",18.24,0.38,0.4,96119.21,0.0,0.0,0.0,5.922803771249358,0.0
5/7/2024 12:00,"(42.101167, -76.832994)",19.61,0.36,0.35,96059.18,0.0,0.0,0.0,6.08382404081916,0.0
5/7/2024 13:00,"(42.101167, -76.832994)",21.54,0.35,0.38,95986.56,0.0,0.0,0.0,6.618885610948219,0.0
5/7/2024 14:00,"(42.101167, -76.832994)",22.43,0.33,0.73,95898.77,0.0,0.0,0.0,6.5690523943282395,0.0
5/7/2024 15:00,"(42.101167, -76.832994)",23.04,0.32,0.91,95818.67,0.0,0.0,0.0,6.596495938963522,0.0
5/7/2024 16:00,"(42.101167, -76.832994)",23.56,0.31,0.95,95749.56,0.0,0.0,0.0,6.582683559908084,0.0
5/7/2024 17:00,"(42.101167, -76.832994)",23.89,0.3,0.64,95687.63,0.0,0.0,0.0,6.4909414233201055,0.0
5/7/2024 18:00,"(42.101167, -76.832994)",23.06,0.38,0.47,95662.81,0.0,0.0,0.0,7.8422955219832575,0.0
5/7/2024 19:00,"(42.101167, -76.832994)",21.92,0.48,1.97,95611.67,0.0,0.0,0.0,9.278690540747865,0.0
5/7/2024 20:00,"(42.101167, -76.832994)",20.0,0.53,2.01,95584.48,0.0,0.0,0.0,9.163902464230187,0.0
5/7/2024 21:00,"(42.101167, -76.832994)",18.16,0.6,2.26,95523.19,0.0,0.0,0.0,9.307470075696036,0.0
5/7/2024 22:00,"(42.101167, -76.832994)",16.88,0.67,1.75,95634.26,0.0,0.0,0.0,9.628544735637036,0.0
5/7/2024 23:00,"(42.101167, -76.832994)",16.72,0.68,2.0,95575.57,0.0,0.0,0.0,9.678796548042536,0.0
5/8/2024 0:00,"(42.101167, -76.832994)",16.78,0.69,2.33,95573.42,0.0,0.0,0.0,9.85660141807829,0.0
5/8/2024 1:00,"(42.101167, -76.832994)",16.07,0.79,2.76,95542.42,0.06,0.0,0.0,10.812587662142748,0.06
5/8/2024 2:00,"(42.101167, -76.832994)",16.2,0.85,2.98,95413.99,0.7,0.0,0.0,11.725478999950743,0.7
5/8/2024 3:00,"(42.101167, -76.832994)",16.51,0.9,3.18,95318.93,0.0,0.0,0.0,12.649378775091662,0.0
5/8/2024 4:00,"(42.101167, -76.832994)",16.39,0.92,3.39,95283.85,0.0,0.0,0.0,12.83735713536916,0.0
5/8/2024 5:00,"(42.101167, -76.832994)",16.09,0.92,3.96,95262.45,0.69,0.0,0.0,12.607096872671342,0.69
5/8/2024 6:00,"(42.101167, -76.832994)",16.3,0.93,3.79,95261.03,0.02,0.0,0.0,12.906681163873351,0.02
5/8/2024 7:00,"(42.101167, -76.832994)",16.74,0.91,4.23,95233.07,0.0,0.0,0.0,12.968083849609572,0.0
5/8/2024 8:00,"(42.101167, -76.832994)",17.52,0.88,4.57,95276.64,0.0,0.0,0.0,13.140396987625516,0.0
5/8/2024 9:00,"(42.101167, -76.832994)",19.48,0.76,5.76,95260.27,0.05,0.0,0.0,12.745905887176512,0.05
5/8/2024 10:00,"(42.101167, -76.832994)",22.01,0.5,5.94,95266.77,0.0,0.0,0.0,9.715564265587957,0.0
5/8/2024 11:00,"(42.101167, -76.832994)",22.89,0.44,6.03,95259.77,0.0,0.0,0.0,8.992725708660616,0.0
5/8/2024 12:00,"(42.101167, -76.832994)",23.71,0.4,6.08,95255.24,0.0,0.0,0.0,8.566555807498704,0.0
5/8/2024 13:00,"(42.101167, -76.832994)",24.31,0.35,6.71,95226.32,0.0,0.0,0.0,7.755153546860234,0.0
5/8/2024 14:00,"(42.101167, -76.832994)",25.23,0.29,6.64,95204.73,0.0,0.0,0.0,6.767710403935831,0.0
5/8/2024 15:00,"(42.101167, -76.832994)",25.47,0.25,6.68,95212.37,0.0,0.0,0.0,5.913330682669444,0.0
5/8/2024 16:00,"(42.101167, -76.832994)",24.64,0.25,7.03,95224.78,0.0,0.0,0.0,5.643642166286197,0.0
5/8/2024 17:00,"(42.101167, -76.832994)",24.04,0.25,7.15,95260.67,0.0,0.0,0.0,5.4553394149227055,0.0
5/8/2024 18:00,"(42.101167, -76.832994)",22.79,0.27,5.1,95279.51,0.0,0.0,0.0,5.48677152907326,0.0
5/8/2024 19:00,"(42.101167, -76.832994)",21.41,0.29,5.17,95345.82,0.0,0.0,0.0,5.4431265099642845,0.0
5/8/2024 20:00,"(42.101167, -76.832994)",20.31,0.33,4.55,95428.42,0.0,0.0,0.0,5.810184692317051,0.0
5/8/2024 21:00,"(42.101167, -76.832994)",18.39,0.42,3.69,95521.55,0.0,0.0,0.0,6.604778408008729,0.0
5/8/2024 22:00,"(42.101167, -76.832994)",16.92,0.53,3.17,95583.78,0.0,0.0,0.0,7.634915412429728,0.0
5/8/2024 23:00,"(42.101167, -76.832994)",16.22,0.61,3.36,95655.12,0.0,0.0,0.0,8.424917654320256,0.0
5/9/2024 0:00,"(42.101167, -76.832994)",15.18,0.67,3.55,95738.8,0.01,0.0,0.0,8.688436249712108,0.01
5/9/2024 1:00,"(42.101167, -76.832994)",13.23,0.76,3.3,95772.64,0.0,0.0,0.0,8.74456025333539,0.0
5/9/2024 2:00,"(42.101167, -76.832994)",12.6,0.78,3.37,95787.46,0.0,0.0,0.0,8.630995086726179,0.0
5/9/2024 3:00,"(42.101167, -76.832994)",11.82,0.78,3.2,95772.62,0.0,0.0,0.0,8.221367290645754,0.0
5/9/2024 4:00,"(42.101167, -76.832994)",11.06,0.79,3.14,95818.16,0.0,0.0,0.0,7.939100768624111,0.0
5/9/2024 5:00,"(42.101167, -76.832994)",10.49,0.79,3.1,95812.87,0.0,0.0,0.0,7.658745195353777,0.0
5/9/2024 6:00,"(42.101167, -76.832994)",10.65,0.78,3.3,95862.08,0.0,0.0,0.0,7.6386267778770485,0.0
5/9/2024 7:00,"(42.101167, -76.832994)",10.19,0.76,3.36,95871.74,0.0,0.0,0.0,7.229312952027637,0.0
5/9/2024 8:00,"(42.101167, -76.832994)",10.27,0.75,3.1,95969.35,0.0,0.0,0.0,7.1704416842508625,0.0
5/9/2024 9:00,"(42.101167, -76.832994)",10.36,0.75,2.79,96025.73,0.0,0.0,0.0,7.211415914147645,0.0
5/9/2024 10:00,"(42.101167, -76.832994)",11.29,0.69,2.91,95928.1,0.0,0.0,0.0,7.035143491500416,0.0
5/9/2024 11:00,"(42.101167, -76.832994)",12.27,0.64,2.5,95950.01,0.0,0.0,0.0,6.937909101464625,0.0
5/9/2024 12:00,"(42.101167, -76.832994)",13.32,0.59,2.07,95963.73,0.0,0.0,0.0,6.826402451164379,0.0
5/9/2024 13:00,"(42.101167, -76.832994)",14.74,0.55,2.29,95903.38,0.0,0.0,0.0,6.94353820323928,0.0
5/9/2024 14:00,"(42.101167, -76.832994)",15.31,0.52,2.17,95835.92,0.0,0.0,0.0,6.796790472324179,0.0
5/9/2024 15:00,"(42.101167, -76.832994)",15.02,0.51,1.66,95802.96,0.0,0.0,0.0,6.549466284559789,0.0
5/9/2024 16:00,"(42.101167, -76.832994)",14.56,0.51,1.54,95766.57,0.0,0.0,0.0,6.368116045700738,0.0
5/9/2024 17:00,"(42.101167, -76.832994)",14.36,0.54,1.94,95736.22,0.0,0.0,0.0,6.660674439470485,0.0
5/9/2024 18:00,"(42.101167, -76.832994)",14.4,0.56,0.82,95745.96,0.05,0.0,0.0,6.924308885398093,0.05
5/9/2024 19:00,"(42.101167, -76.832994)",13.39,0.63,1.7,95737.13,0.51,0.0,0.0,7.32078954310455,0.51
5/9/2024 20:00,"(42.101167, -76.832994)",12.12,0.71,1.96,95794.62,0.61,0.0,0.0,7.625100381136201,0.61
5/9/2024 21:00,"(42.101167, -76.832994)",10.91,0.83,2.28,95791.9,0.65,0.0,0.0,8.262672083367988,0.65
5/9/2024 22:00,"(42.101167, -76.832994)",10.19,0.9,2.19,95842.26,0.89,0.0,0.0,8.561028495822203,0.89
5/9/2024 23:00,"(42.101167, -76.832994)",9.94,0.9,2.34,95814.05,0.72,0.0,0.0,8.426317689574232,0.72
5/10/2024 0:00,"(42.101167, -76.832994)",9.84,0.91,2.09,95775.55,0.98,0.0,0.0,8.465985158524889,0.98
5/10/2024 1:00,"(42.101167, -76.832994)",9.25,0.94,1.69,95770.69,0.85,0.0,0.0,8.422448585993157,0.85
5/10/2024 2:00,"(42.101167, -76.832994)",9.07,0.94,1.22,95763.77,0.86,0.0,0.0,8.326104876267653,0.86
5/10/2024 3:00,"(42.101167, -76.832994)",9.05,0.94,1.04,95738.94,0.79,0.0,0.0,8.315459523041113,0.79
5/10/2024 4:00,"(42.101167, -76.832994)",9.09,0.94,1.3,95702.24,0.67,0.0,0.0,8.336762100558138,0.67
5/10/2024 5:00,"(42.101167, -76.832994)",9.26,0.94,1.48,95679.24,0.58,0.0,0.0,8.427829370898476,0.58
5/10/2024 6:00,"(42.101167, -76.832994)",9.34,0.94,1.59,95674.1,0.68,0.0,0.0,8.470983558389852,0.68
5/10/2024 7:00,"(42.101167, -76.832994)",9.26,0.94,1.68,95695.58,0.83,0.0,0.0,8.427829370898476,0.83
5/10/2024 8:00,"(42.101167, -76.832994)",9.26,0.94,1.79,95715.68,0.85,0.0,0.0,8.427829370898476,0.85
5/10/2024 9:00,"(42.101167, -76.832994)",9.34,0.95,1.83,95730.41,0.74,0.0,0.0,8.5611004047557,0.74
5/10/2024 10:00,"(42.101167, -76.832994)",9.58,0.92,1.92,95726.24,0.74,0.0,0.0,8.418590227413233,0.74
5/10/2024 11:00,"(42.101167, -76.832994)",9.78,0.92,1.63,95782.21,0.98,0.0,0.0,8.526431819571563,0.98
5/10/2024 12:00,"(42.101167, -76.832994)",9.61,0.93,1.1,95815.98,1.27,0.0,0.0,8.526371763855794,1.27
5/10/2024 13:00,"(42.101167, -76.832994)",9.72,0.92,0.87,95844.19,1.33,0.0,0.0,8.49395375560083,1.33
5/10/2024 14:00,"(42.101167, -76.832994)",9.82,0.93,0.36,95850.78,1.23,0.0,0.0,8.641058494971471,1.23
5/10/2024 15:00,"(42.101167, -76.832994)",10.0,0.88,0.3,95855.18,0.85,0.0,0.0,8.270512628199562,0.85
5/10/2024 16:00,"(42.101167, -76.832994)",10.84,0.85,0.37,95851.9,0.58,0.0,0.0,8.4245255691138,0.58
5/10/2024 17:00,"(42.101167, -76.832994)",10.86,0.84,0.5,95851.87,0.33,0.0,0.0,8.335915904659966,0.33
5/10/2024 18:00,"(42.101167, -76.832994)",10.25,0.88,0.53,95869.34,0.22,0.0,0.0,8.402666938881346,0.22
5/10/2024 19:00,"(42.101167, -76.832994)",10.0,0.85,0.49,95906.21,0.18,0.0,0.0,7.988563334056395,0.18
5/10/2024 20:00,"(42.101167, -76.832994)",9.88,0.84,0.53,95943.23,0.07,0.0,0.0,7.834645532773197,0.07
5/10/2024 21:00,"(42.101167, -76.832994)",9.44,0.88,0.48,95932.61,0.03,0.0,0.0,7.98103535897304,0.03
5/10/2024 22:00,"(42.101167, -76.832994)",9.4,0.89,0.64,96024.69,0.01,0.0,0.0,8.05116286510587,0.01
5/10/2024 23:00,"(42.101167, -76.832994)",9.14,0.9,0.5,95959.22,0.01,0.0,0.0,8.007565375535922,0.01
5/11/2024 0:00,"(42.101167, -76.832994)",8.82,0.92,0.89,95987.8,0.02,0.0,0.0,8.01954958098424,0.02
5/11/2024 1:00,"(42.101167, -76.832994)",8.36,0.93,0.99,95983.6,0.02,0.0,0.0,7.87075056907411,0.02
5/11/2024 2:00,"(42.101167, -76.832994)",8.13,0.94,1.15,95959.44,0.02,0.0,0.0,7.83841574066689,0.02
5/11/2024 3:00,"(42.101167, -76.832994)",7.94,0.94,1.32,95947.16,0.0,0.0,0.0,7.7429249507510445,0.0
5/11/2024 4:00,"(42.101167, -76.832994)",7.5,0.96,1.63,95923.76,0.0,0.0,0.0,7.685794492443393,0.0
5/11/2024 5:00,"(42.101167, -76.832994)",7.18,0.96,1.8,95897.63,0.0,0.0,0.0,7.52786146046501,0.0
5/11/2024 6:00,"(42.101167, -76.832994)",6.85,0.96,2.01,95942.35,0.0,0.0,0.0,7.367966034350348,0.0
5/11/2024 7:00,"(42.101167, -76.832994)",7.12,0.94,2.52,95947.46,0.0,0.0,0.0,7.3423462503401815,0.0
5/11/2024 8:00,"(42.101167, -76.832994)",7.81,0.88,3.07,95943.66,0.0,0.0,0.0,7.188078802070322,0.0
5/11/2024 9:00,"(42.101167, -76.832994)",8.98,0.87,3.52,95932.41,0.05,0.0,0.0,7.66182540099227,0.05
5/11/2024 10:00,"(42.101167, -76.832994)",10.59,0.75,3.4,95889.48,0.11,0.0,0.0,7.317054961414544,0.11
5/11/2024 11:00,"(42.101167, -76.832994)",11.53,0.68,3.38,95889.56,0.3,0.0,0.0,7.038382519556461,0.3
5/11/2024 12:00,"(42.101167, -76.832994)",12.44,0.62,3.35,95851.58,0.18,0.0,0.0,6.792618943934256,0.18
5/11/2024 13:00,"(42.101167, -76.832994)",13.51,0.58,3.42,95780.39,0.11,0.0,0.0,6.789869762106281,0.11
5/11/2024 14:00,"(42.101167, -76.832994)",13.44,0.58,3.64,95714.46,0.21,0.0,0.0,6.760608390019673,0.21
5/11/2024 15:00,"(42.101167, -76.832994)",14.1,0.57,3.96,95685.72,0.06,0.0,0.0,6.919506885714724,0.06
5/11/2024 16:00,"(42.101167, -76.832994)",13.71,0.59,4.0,95632.97,0.05,0.0,0.0,6.99259900231926,0.05
5/11/2024 17:00,"(42.101167, -76.832994)",13.98,0.62,3.76,95617.32,0.85,0.0,0.0,7.471215845059419,0.85
5/11/2024 18:00,"(42.101167, -76.832994)",11.62,0.77,3.39,95685.78,0.62,0.0,0.0,8.015006926063526,0.62
5/11/2024 19:00,"(42.101167, -76.832994)",10.72,0.85,3.17,95692.53,0.88,0.0,0.0,8.361005285285769,0.88
5/11/2024 20:00,"(42.101167, -76.832994)",9.98,0.91,3.01,95692.49,0.73,0.0,0.0,8.5416104437089,0.73
5/11/2024 21:00,"(42.101167, -76.832994)",9.83,0.92,3.03,95707.7,0.57,0.0,0.0,8.55357942040327,0.57
5/11/2024 22:00,"(42.101167, -76.832994)",9.46,0.93,2.94,95721.26,0.43,0.0,0.0,8.44526639298415,0.43
5/11/2024 23:00,"(42.101167, -76.832994)",9.46,0.92,3.07,95684.32,0.23,0.0,0.0,8.354457076930558,0.23
5/12/2024 0:00,"(42.101167, -76.832994)",9.27,0.92,3.37,95698.39,0.12,0.0,0.0,8.25378308297499,0.12
5/12/2024 1:00,"(42.101167, -76.832994)",8.92,0.93,3.54,95682.13,0.14,0.0,0.0,8.158824028860872,0.14
5/12/2024 2:00,"(42.101167, -76.832994)",8.93,0.93,3.52,95642.79,0.18,0.0,0.0,8.164050585687757,0.18
5/12/2024 3:00,"(42.101167, -76.832994)",8.79,0.94,3.26,95639.01,0.55,0.0,0.0,8.178145165463198,0.55
5/12/2024 4:00,"(42.101167, -76.832994)",8.66,0.95,3.05,95633.69,0.82,0.0,0.0,8.196511103775087,0.82
5/12/2024 5:00,"(42.101167, -76.832994)",8.76,0.95,3.16,95648.76,1.21,0.0,0.0,8.249263429848748,1.21
5/12/2024 6:00,"(42.101167, -76.832994)",8.63,0.94,2.79,95720.84,1.12,0.0,0.0,8.094629761703954,1.12
5/12/2024 7:00,"(42.101167, -76.832994)",8.33,0.93,3.44,95747.37,0.83,0.0,0.0,7.855571509398926,0.83
5/12/2024 8:00,"(42.101167, -76.832994)",8.13,0.95,3.57,95792.9,0.29,0.0,0.0,7.9218031421633475,0.29
5/12/2024 9:00,"(42.101167, -76.832994)",8.45,0.95,2.77,95861.62,0.23,0.0,0.0,8.08668730546583,0.23
5/12/2024 10:00,"(42.101167, -76.832994)",8.77,0.94,2.39,95925.18,0.34,0.0,0.0,8.167664846924051,0.34
5/12/2024 11:00,"(42.101167, -76.832994)",8.94,0.92,1.55,95990.16,0.31,0.0,0.0,8.081438338488345,0.31
5/12/2024 12:00,"(42.101167, -76.832994)",9.29,0.89,1.07,96029.84,0.22,0.0,0.0,7.9948413082492245,0.22
5/12/2024 13:00,"(42.101167, -76.832994)",10.17,0.85,1.39,96051.78,0.22,0.0,0.0,8.07517290308142,0.22
5/12/2024 14:00,"(42.101167, -76.832994)",11.02,0.77,1.2,96081.4,0.15,0.0,0.0,7.718654971844174,0.15
5/12/2024 15:00,"(42.101167, -76.832994)",11.42,0.76,0.56,96124.31,0.11,0.0,0.0,7.81234836596165,0.11
5/12/2024 16:00,"(42.101167, -76.832994)",12.19,0.73,0.55,96140.63,0.2,0.0,0.0,7.874192405563331,0.2
5/12/2024 17:00,"(42.101167, -76.832994)",12.13,0.74,0.6,96150.16,0.07,0.0,0.0,7.952246837825662,0.07
5/12/2024 18:00,"(42.101167, -76.832994)",12.66,0.72,0.72,96223.64,0.03,0.0,0.0,7.996824675563315,0.03
5/12/2024 19:00,"(42.101167, -76.832994)",12.26,0.75,0.39,96244.78,0.01,0.0,0.0,8.125297825562699,0.01
5/12/2024 20:00,"(42.101167, -76.832994)",11.28,0.83,0.72,96291.39,0.01,0.0,0.0,8.457250204634391,0.01
5/12/2024 21:00,"(42.101167, -76.832994)",10.27,0.88,1.12,96358.98,0.0,0.0,0.0,8.413318242854347,0.0
5/12/2024 22:00,"(42.101167, -76.832994)",8.83,0.92,1.26,96430.15,0.0,0.0,0.0,8.02469115563128,0.0
5/12/2024 23:00,"(42.101167, -76.832994)",8.65,0.94,1.58,96411.41,0.0,0.0,0.0,8.105028370711556,0.0
5/13/2024 0:00,"(42.101167, -76.832994)",8.87,0.94,1.76,96458.15,0.0,0.0,0.0,8.2201837155956,0.0
5/13/2024 1:00,"(42.101167, -76.832994)",8.06,0.96,1.93,96476.61,0.0,0.0,0.0,7.9691398906621265,0.0
5/13/2024 2:00,"(42.101167, -76.832994)",7.21,0.97,2.05,96481.33,0.0,0.0,0.0,7.621114600885328,0.0
5/13/2024 3:00,"(42.101167, -76.832994)",7.24,0.97,1.9,96487.88,0.0,0.0,0.0,7.635977765651101,0.0
5/13/2024 4:00,"(42.101167, -76.832994)",7.25,0.97,1.72,96455.57,0.0,0.0,0.0,7.640937770784016,0.0
5/13/2024 5:00,"(42.101167, -76.832994)",7.25,0.98,1.93,96466.66,0.0,0.0,0.0,7.719710325121996,0.0
5/13/2024 6:00,"(42.101167, -76.832994)",7.87,0.96,1.92,96488.72,0.0,0.0,0.0,7.872000738191247,0.0
5/13/2024 7:00,"(42.101167, -76.832994)",8.42,0.95,2.32,96492.95,0.0,0.0,0.0,8.071103372459001,0.0
5/13/2024 8:00,"(42.101167, -76.832994)",9.4,0.9,2.59,96532.07,0.0,0.0,0.0,8.141625369208182,0.0
5/13/2024 9:00,"(42.101167, -76.832994)",11.07,0.83,3.09,96546.65,0.0,0.0,0.0,8.346330720645783,0.0
5/13/2024 10:00,"(42.101167, -76.832994)",13.64,0.72,3.63,96529.36,0.0,0.0,0.0,8.496625800882962,0.0
5/13/2024 11:00,"(42.101167, -76.832994)",15.33,0.66,3.67,96502.15,0.0,0.0,0.0,8.637188907570996,0.0
5/13/2024 12:00,"(42.101167, -76.832994)",15.82,0.64,3.49,96473.58,0.08,0.0,0.0,8.628125741501764,0.08
5/13/2024 13:00,"(42.101167, -76.832994)",17.01,0.63,3.75,96452.76,0.13,0.0,0.0,9.124589406366265,0.13
5/13/2024 14:00,"(42.101167, -76.832994)",17.93,0.61,4.05,96413.97,0.09,0.0,0.0,9.334062837030663,0.09
5/13/2024 15:00,"(42.101167, -76.832994)",17.41,0.65,4.39,96326.31,0.0,0.0,0.0,9.64240279557103,0.0
5/13/2024 16:00,"(42.101167, -76.832994)",19.41,0.58,4.74,96295.64,0.02,0.0,0.0,9.687184878678115,0.02
5/13/2024 17:00,"(42.101167, -76.832994)",20.34,0.54,4.71,96254.06,0.03,0.0,0.0,9.5242431604614,0.03
5/13/2024 18:00,"(42.101167, -76.832994)",20.27,0.56,3.05,96261.02,0.01,0.0,0.0,9.836700591643242,0.01
5/13/2024 19:00,"(42.101167, -76.832994)",19.66,0.6,2.91,96261.82,0.19,0.0,0.0,10.169515379279112,0.19
5/13/2024 20:00,"(42.101167, -76.832994)",18.55,0.64,3.21,96295.82,0.02,0.0,0.0,10.160304154397947,0.02
5/13/2024 21:00,"(42.101167, -76.832994)",17.24,0.68,3.94,96293.47,0.0,0.0,0.0,9.985395779698326,0.0
5/13/2024 22:00,"(42.101167, -76.832994)",16.32,0.7,4.3,96341.36,0.0,0.0,0.0,9.726428817307601,0.0
5/13/2024 23:00,"(42.101167, -76.832994)",15.55,0.71,4.37,96331.85,0.0,0.0,0.0,9.416480006087244,0.0
5/14/2024 0:00,"(42.101167, -76.832994)",15.23,0.71,4.31,96327.86,0.0,0.0,0.0,9.235198928336933,0.0
5/14/2024 1:00,"(42.101167, -76.832994)",13.87,0.75,4.44,96337.98,0.0,0.0,0.0,8.976853646304574,0.0
5/14/2024 2:00,"(42.101167, -76.832994)",13.87,0.74,4.38,96325.0,0.0,0.0,0.0,8.857162264353846,0.0
5/14/2024 3:00,"(42.101167, -76.832994)",13.37,0.76,3.84,96285.71,0.0,0.0,0.0,8.820529293036532,0.0
5/14/2024 4:00,"(42.101167, -76.832994)",12.19,0.81,3.62,96253.41,0.0,0.0,0.0,8.73711760069356,0.0
5/14/2024 5:00,"(42.101167, -76.832994)",11.58,0.82,3.41,96241.89,0.0,0.0,0.0,8.51409923913754,0.0
5/14/2024 6:00,"(42.101167, -76.832994)",12.17,0.83,3.19,96218.21,0.0,0.0,0.0,8.941691180658255,0.0
5/14/2024 7:00,"(42.101167, -76.832994)",12.98,0.81,3.08,96291.18,0.0,0.0,0.0,9.176781734470627,0.0
5/14/2024 8:00,"(42.101167, -76.832994)",15.23,0.73,2.76,96342.85,0.0,0.0,0.0,9.495345377022483,0.0
5/14/2024 9:00,"(42.101167, -76.832994)",16.31,0.78,3.13,96109.51,0.01,0.0,0.0,10.83148783315446,0.01
5/14/2024 10:00,"(42.101167, -76.832994)",15.88,0.83,3.01,96195.75,0.14,0.0,0.0,11.23030747913929,0.14
5/14/2024 11:00,"(42.101167, -76.832994)",15.19,0.87,2.44,96197.44,0.03,0.0,0.0,11.288866300726182,0.03
5/14/2024 12:00,"(42.101167, -76.832994)",15.02,0.88,2.41,96190.79,0.17,0.0,0.0,11.301039863554145,0.17
5/15/2024 0:00,"(42.101167, -76.832994)",15.01,0.89,1.85,96135.92,0.13,0.0,0.0,11.422498686166668,0.13
5/15/2024 1:00,"(42.101167, -76.832994)",14.63,0.92,1.62,96084.85,0.26,0.0,0.0,11.536851580325193,0.26
5/15/2024 2:00,"(42.101167, -76.832994)",14.62,0.93,1.54,96058.75,0.12,0.0,0.0,11.655125783242779,0.12
5/15/2024 3:00,"(42.101167, -76.832994)",14.85,0.94,1.57,96005.09,0.23,0.0,0.0,11.947087787474718,0.23
5/15/2024 4:00,"(42.101167, -76.832994)",14.91,0.95,1.82,95947.43,0.25,0.0,0.0,12.11845601212315,0.25
5/15/2024 5:00,"(42.101167, -76.832994)",14.96,0.95,1.89,95927.62,0.48,0.0,0.0,12.155456432269142,0.48
5/15/2024 6:00,"(42.101167, -76.832994)",14.77,0.95,1.52,95927.69,0.29,0.0,0.0,12.015373967006704,0.29
5/15/2024 7:00,"(42.101167, -76.832994)",14.8,0.96,1.89,95920.11,0.31,0.0,0.0,12.164108184463851,0.31
5/15/2024 8:00,"(42.101167, -76.832994)",14.85,0.97,2.25,95947.02,0.41,0.0,0.0,12.328377823245189,0.41
5/15/2024 9:00,"(42.101167, -76.832994)",14.9,0.96,2.59,95977.2,0.49,0.0,0.0,12.238552582892495,0.49
5/15/2024 10:00,"(42.101167, -76.832994)",14.94,0.97,2.91,95979.04,0.66,0.0,0.0,12.396237041590938,0.66
5/15/2024 11:00,"(42.101167, -76.832994)",14.45,0.96,2.72,96010.7,1.02,0.0,0.0,11.906636704414167,1.02
5/15/2024 12:00,"(42.101167, -76.832994)",14.56,0.96,2.51,96023.83,0.75,0.0,0.0,11.987041968377858,0.75
5/15/2024 13:00,"(42.101167, -76.832994)",15.29,0.93,2.18,95998.9,0.66,0.0,0.0,12.141027895270865,0.66
5/15/2024 14:00,"(42.101167, -76.832994)",14.95,0.95,2.45,95966.68,0.59,0.0,0.0,12.148048521131747,0.59
5/15/2024 15:00,"(42.101167, -76.832994)",15.72,0.9,2.76,95937.96,0.06,0.0,0.0,12.060043199711265,0.06
5/15/2024 16:00,"(42.101167, -76.832994)",16.47,0.82,2.58,95885.55,0.02,0.0,0.0,11.497266030510902,0.02
5/15/2024 17:00,"(42.101167, -76.832994)",17.27,0.76,2.07,95869.35,0.01,0.0,0.0,11.180201087752462,0.01
5/15/2024 18:00,"(42.101167, -76.832994)",16.44,0.83,0.86,95898.97,0.0,0.0,0.0,11.616468768858388,0.0
5/15/2024 19:00,"(42.101167, -76.832994)",16.1,0.85,1.34,95864.25,0.0,0.0,0.0,11.65489895817053,0.0
5/15/2024 20:00,"(42.101167, -76.832994)",15.78,0.88,1.3,95888.37,0.0,0.0,0.0,11.834975513611788,0.0
5/15/2024 21:00,"(42.101167, -76.832994)",15.25,0.9,1.14,95922.97,0.01,0.0,0.0,11.720839034005124,0.01
5/15/2024 22:00,"(42.101167, -76.832994)",15.01,0.91,1.47,95953.04,0.0,0.0,0.0,11.679184049900751,0.0
5/15/2024 23:00,"(42.101167, -76.832994)",14.62,0.92,1.53,95937.1,0.0,0.0,0.0,11.529801850089632,0.0
5/16/2024 0:00,"(42.101167, -76.832994)",14.34,0.92,1.42,95932.07,0.0,0.0,0.0,11.333920583675855,0.0
5/16/2024 1:00,"(42.101167, -76.832994)",13.89,0.93,1.2,95910.35,0.0,0.0,0.0,11.144997433827267,0.0
5/16/2024 2:00,"(42.101167, -76.832994)",13.3,0.95,1.21,95883.52,0.0,0.0,0.0,10.978091810138233,0.0
5/16/2024 3:00,"(42.101167, -76.832994)",13.47,0.95,1.91,95868.47,0.0,0.0,0.0,11.09392890838685,0.0
5/16/2024 4:00,"(42.101167, -76.832994)",13.1,0.97,1.97,95898.5,0.0,0.0,0.0,11.071435742458549,0.0
5/16/2024 5:00,"(42.101167, -76.832994)",12.85,0.97,1.83,95916.22,0.0,0.0,0.0,10.901288392574354,0.0
5/16/2024 6:00,"(42.101167, -76.832994)",13.43,0.96,2.3,95959.74,0.0,0.0,0.0,11.183068377387084,0.0
5/16/2024 7:00,"(42.101167, -76.832994)",13.74,0.96,2.19,95989.24,0.0,0.0,0.0,11.398824554992586,0.0
5/16/2024 8:00,"(42.101167, -76.832994)",13.19,0.97,2.37,95997.77,0.0,0.0,0.0,11.133250871776044,0.0
5/16/2024 9:00,"(42.101167, -76.832994)",14.35,0.89,2.41,96051.11,0.0,0.0,0.0,10.971055443724595,0.0
5/16/2024 10:00,"(42.101167, -76.832994)",16.48,0.79,2.82,96050.54,0.0,0.0,0.0,11.083306435282882,0.0
5/16/2024 11:00,"(42.101167, -76.832994)",18.17,0.7,3.48,96042.81,0.0,0.0,0.0,10.865167585968406,0.0
5/16/2024 12:00,"(42.101167, -76.832994)",19.09,0.66,3.57,96035.02,0.03,0.0,0.0,10.817558550942026,0.03
5/16/2024 13:00,"(42.101167, -76.832994)",19.72,0.63,3.39,96045.25,0.02,0.0,0.0,10.715654940016744,0.02
5/16/2024 14:00,"(42.101167, -76.832994)",20.14,0.61,3.46,96020.77,0.05,0.0,0.0,10.633877773091601,0.05
5/16/2024 15:00,"(42.101167, -76.832994)",20.69,0.6,3.04,96069.98,0.03,0.0,0.0,10.800641937008644,0.03
5/16/2024 16:00,"(42.101167, -76.832994)",21.05,0.58,2.9,96052.43,0.04,0.0,0.0,10.66142772639239,0.04
5/16/2024 17:00,"(42.101167, -76.832994)",20.86,0.6,2.69,96065.81,0.05,0.0,0.0,10.90799345653631,0.05
5/16/2024 18:00,"(42.101167, -76.832994)",20.36,0.62,1.66,96156.07,0.06,0.0,0.0,10.948016617438045,0.06
5/16/2024 19:00,"(42.101167, -76.832994)",19.28,0.7,1.56,96198.26,0.09,0.0,0.0,11.602332269654838,0.09
5/16/2024 20:00,"(42.101167, -76.832994)",18.52,0.74,2.03,96210.26,0.05,0.0,0.0,11.726995927750869,0.05
5/16/2024 21:00,"(42.101167, -76.832994)",17.46,0.78,2.19,96275.33,0.01,0.0,0.0,11.605505349842375,0.01
5/16/2024 22:00,"(42.101167, -76.832994)",16.65,0.8,2.65,96295.3,0.0,0.0,0.0,11.339003251711055,0.0
5/16/2024 23:00,"(42.101167, -76.832994)",15.66,0.83,2.33,96250.01,0.0,0.0,0.0,11.081673326094956,0.0
5/17/2024 0:00,"(42.101167, -76.832994)",14.94,0.85,1.56,96246.64,0.0,0.0,0.0,10.862681943662162,0.0
5/17/2024 1:00,"(42.101167, -76.832994)",13.88,0.88,1.75,96272.7,0.0,0.0,0.0,10.539321087933953,0.0
5/17/2024 2:00,"(42.101167, -76.832994)",13.32,0.9,1.79,96236.09,0.0,0.0,0.0,10.41315628143719,0.0
5/17/2024 3:00,"(42.101167, -76.832994)",13.35,0.9,1.84,96295.58,0.0,0.0,0.0,10.432470330354759,0.0
5/17/2024 4:00,"(42.101167, -76.832994)",13.44,0.9,2.07,96379.12,0.0,0.0,0.0,10.490599225892595,0.0
5/17/2024 5:00,"(42.101167, -76.832994)",13.34,0.9,2.14,96373.89,0.0,0.0,0.0,10.426028860888122,0.0
5/17/2024 6:00,"(42.101167, -76.832994)",13.81,0.88,2.21,96433.41,0.0,0.0,0.0,10.494037311235914,0.0
5/17/2024 7:00,"(42.101167, -76.832994)",13.98,0.85,2.49,96459.05,0.0,0.0,0.0,10.242795916613717,0.0
5/17/2024 8:00,"(42.101167, -76.832994)",14.84,0.82,2.5,96446.85,0.0,0.0,0.0,10.415570540283777,0.0
5/17/2024 9:00,"(42.101167, -76.832994)",15.81,0.74,2.91,96510.2,0.0,0.0,0.0,9.970232667649842,0.0
5/17/2024 10:00,"(42.101167, -76.832994)",17.43,0.68,3.23,96501.38,0.0,0.0,0.0,10.099500717133674,0.0
5/17/2024 11:00,"(42.101167, -76.832994)",18.12,0.65,3.51,96465.72,0.0,0.0,0.0,10.059156928379844,0.0
5/17/2024 12:00,"(42.101167, -76.832994)",18.96,0.63,3.67,96429.55,0.0,0.0,0.0,10.246959432890852,0.0
5/17/2024 13:00,"(42.101167, -76.832994)",20.89,0.55,3.66,96399.93,0.01,0.0,0.0,10.016447029001222,0.01
5/17/2024 14:00,"(42.101167, -76.832994)",21.74,0.52,3.42,96389.93,0.05,0.0,0.0,9.948069790718508,0.05
5/17/2024 15:00,"(42.101167, -76.832994)",21.64,0.51,3.45,96339.91,0.01,0.0,0.0,9.700571660515982,0.01
5/17/2024 16:00,"(42.101167, -76.832994)",21.28,0.53,3.63,96336.58,0.0,0.0,0.0,9.873167892821282,0.0
5/17/2024 17:00,"(42.101167, -76.832994)",20.36,0.57,3.55,96309.32,0.0,0.0,0.0,10.065112051515621,0.0
5/17/2024 18:00,"(42.101167, -76.832994)",18.99,0.6,3.11,96274.56,0.0,0.0,0.0,9.776303678577069,0.0
5/17/2024 19:00,"(42.101167, -76.832994)",18.52,0.62,3.33,96283.4,0.0,0.0,0.0,9.825320912439919,0.0
5/17/2024 20:00,"(42.101167, -76.832994)",17.93,0.66,3.32,96277.2,0.03,0.0,0.0,10.09914995482006,0.03
5/17/2024 21:00,"(42.101167, -76.832994)",17.4,0.7,3.24,96290.01,0.2,0.0,0.0,10.377921519330279,0.2
5/17/2024 22:00,"(42.101167, -76.832994)",16.6,0.76,3.34,96320.25,0.37,0.0,0.0,10.739707594589502,0.37
5/17/2024 23:00,"(42.101167, -76.832994)",16.28,0.8,3.34,96335.84,0.47,0.0,0.0,11.089138203401955,0.47
5/18/2024 0:00,"(42.101167, -76.832994)",15.2,0.88,3.14,96301.49,0.49,0.0,0.0,11.425572972186949,0.49
5/18/2024 1:00,"(42.101167, -76.832994)",14.71,0.91,3.0,96307.76,0.57,0.0,0.0,11.467369104296832,0.57
5/18/2024 2:00,"(42.101167, -76.832994)",14.7,0.92,3.1,96275.19,0.67,0.0,0.0,11.586304464376548,0.67
5/18/2024 3:00,"(42.101167, -76.832994)",14.71,0.92,3.25,96253.01,1.92,0.0,0.0,11.593384149398997,1.92
5/18/2024 4:00,"(42.101167, -76.832994)",14.54,0.94,3.11,96229.99,2.45,0.0,0.0,11.722963146802298,2.45
5/18/2024 5:00,"(42.101167, -76.832994)",14.6,0.93,2.99,96253.21,2.17,0.0,0.0,11.640884398722294,2.17
5/18/2024 6:00,"(42.101167, -76.832994)",14.68,0.96,2.63,96307.03,1.62,0.0,0.0,12.075293575374921,1.62
5/18/2024 7:00,"(42.101167, -76.832994)",14.86,0.96,2.41,96327.69,1.12,0.0,0.0,12.208727547122766,1.12
5/18/2024 8:00,"(42.101167, -76.832994)",15.14,0.95,2.85,96384.36,1.1,0.0,0.0,12.289470310553948,1.1
5/18/2024 9:00,"(42.101167, -76.832994)",15.44,0.96,3.59,96438.44,0.71,0.0,0.0,12.647418354697898,0.71
5/18/2024 10:00,"(42.101167, -76.832994)",15.91,0.94,2.41,96427.88,0.76,0.0,0.0,12.741766830808865,0.76
5/18/2024 11:00,"(42.101167, -76.832994)",16.5,0.91,1.98,96447.14,0.23,0.0,0.0,12.782229824318303,0.23
5/18/2024 12:00,"(42.101167, -76.832994)",17.11,0.89,1.49,96464.93,0.17,0.0,0.0,12.967782249499237,0.17
5/18/2024 13:00,"(42.101167, -76.832994)",17.66,0.87,1.58,96426.15,0.1,0.0,0.0,13.100071219349573,0.1
5/18/2024 14:00,"(42.101167, -76.832994)",18.91,0.82,1.72,96367.08,0.09,0.0,0.0,13.29799912043366,0.09
5/18/2024 15:00,"(42.101167, -76.832994)",19.21,0.8,2.06,96345.99,0.02,0.0,0.0,13.205257199796923,0.02
5/18/2024 16:00,"(42.101167, -76.832994)",19.41,0.79,2.67,96287.79,0.03,0.0,0.0,13.194613886475365,0.03
5/18/2024 17:00,"(42.101167, -76.832994)",20.09,0.77,2.52,96321.42,0.55,0.0,0.0,13.383896435601653,0.55
5/18/2024 18:00,"(42.101167, -76.832994)",18.98,0.79,2.22,96329.01,0.37,0.0,0.0,12.864538854764529,0.37
5/18/2024 19:00,"(42.101167, -76.832994)",18.66,0.79,1.74,96345.23,0.29,0.0,0.0,12.623556681579162,0.29
5/18/2024 20:00,"(42.101167, -76.832994)",18.12,0.83,2.07,96362.04,0.05,0.0,0.0,12.844769616238876,0.05
5/18/2024 21:00,"(42.101167, -76.832994)",17.44,0.86,2.45,96425.01,0.0,0.0,0.0,12.780532557898008,0.0
5/18/2024 22:00,"(42.101167, -76.832994)",16.82,0.9,2.4,96446.48,0.0,0.0,0.0,12.88736010312734,0.0
5/18/2024 23:00,"(42.101167, -76.832994)",16.25,0.93,2.21,96456.47,0.0,0.0,0.0,12.867816619014564,0.0
5/19/2024 0:00,"(42.101167, -76.832994)",15.7,0.94,2.23,96468.51,0.0,0.0,0.0,12.580790346377574,0.0
5/19/2024 1:00,"(42.101167, -76.832994)",15.26,0.95,2.22,96469.63,0.0,0.0,0.0,12.379522930801306,0.0
5/19/2024 2:00,"(42.101167, -76.832994)",15.01,0.95,2.11,96451.99,0.0,0.0,0.0,12.192554777368912,0.0
5/19/2024 3:00,"(42.101167, -76.832994)",14.68,0.95,1.9,96464.86,0.0,0.0,0.0,11.9495092672981,0.0
5/19/2024 4:00,"(42.101167, -76.832994)",14.35,0.95,1.61,96462.4,0.0,0.0,0.0,11.71067715903187,0.0
5/19/2024 5:00,"(42.101167, -76.832994)",14.17,0.96,1.34,96460.74,0.0,0.0,0.0,11.704076631069245,0.0
5/19/2024 6:00,"(42.101167, -76.832994)",15.28,0.94,0.76,96533.41,0.0,0.0,0.0,12.26411784589794,0.0
5/19/2024 7:00,"(42.101167, -76.832994)",15.56,0.94,0.85,96589.4,0.0,0.0,0.0,12.474454537617948,0.0
5/19/2024 8:00,"(42.101167, -76.832994)",15.84,0.92,0.99,96637.86,0.0,0.0,0.0,12.417955283186156,0.0
5/19/2024 9:00,"(42.101167, -76.832994)",16.17,0.89,0.43,96648.66,0.0,0.0,0.0,12.25505521092931,0.0
5/19/2024 10:00,"(42.101167, -76.832994)",17.0,0.87,0.74,96637.37,0.01,0.0,0.0,12.59307026910442,0.01
5/19/2024 11:00,"(42.101167, -76.832994)",18.1,0.85,0.86,96632.98,0.02,0.0,0.0,13.1386560177545,0.02
5/19/2024 12:00,"(42.101167, -76.832994)",18.84,0.81,0.64,96642.7,0.15,0.0,0.0,13.081627431462541,0.15
5/19/2024 13:00,"(42.101167, -76.832994)",21.06,0.71,0.29,96589.8,0.1,0.0,0.0,13.058636243841814,0.1
5/19/2024 14:00,"(42.101167, -76.832994)",22.81,0.62,0.26,96544.12,0.07,0.0,0.0,12.61368760308515,0.07
5/19/2024 15:00,"(42.101167, -76.832994)",23.72,0.57,0.36,96508.85,0.03,0.0,0.0,12.214282346387545,0.03
5/19/2024 16:00,"(42.101167, -76.832994)",24.41,0.53,0.61,96487.23,0.0,0.0,0.0,11.810114773546756,0.0
5/19/2024 17:00,"(42.101167, -76.832994)",24.84,0.5,0.94,96474.29,0.0,0.0,0.0,11.415279963678977,0.0
5/19/2024 18:00,"(42.101167, -76.832994)",24.56,0.56,0.99,96486.95,0.0,0.0,0.0,12.584804880129722,0.0
5/19/2024 19:00,"(42.101167, -76.832994)",24.16,0.58,0.66,96460.76,0.0,0.0,0.0,12.74274169985094,0.0
5/19/2024 20:00,"(42.101167, -76.832994)",22.4,0.68,0.7,96472.19,0.0,0.0,0.0,13.512929675081761,0.0
5/19/2024 21:00,"(42.101167, -76.832994)",20.1,0.74,0.89,96532.97,0.0,0.0,0.0,12.869971935673405,0.0
5/19/2024 22:00,"(42.101167, -76.832994)",17.9,0.81,1.25,96584.89,0.0,0.0,0.0,12.372298125097858,0.0
5/19/2024 23:00,"(42.101167, -76.832994)",16.88,0.84,1.31,96583.14,0.0,0.0,0.0,12.071608325276282,0.0
5/20/2024 0:00,"(42.101167, -76.832994)",16.38,0.85,1.41,96592.82,0.0,0.0,0.0,11.853456503266765,0.0
5/20/2024 1:00,"(42.101167, -76.832994)",15.39,0.89,1.22,96614.69,0.0,0.0,0.0,11.68965814080805,0.0
5/20/2024 2:00,"(42.101167, -76.832994)",14.31,0.93,1.17,96574.81,0.0,0.0,0.0,11.436074108700165,0.0
5/20/2024 3:00,"(42.101167, -76.832994)",13.28,0.97,1.03,96556.62,0.0,0.0,0.0,11.195365490827957,0.0
5/20/2024 4:00,"(42.101167, -76.832994)",12.45,0.97,0.95,96566.22,0.0,0.0,0.0,10.63377595805416,0.0
5/20/2024 5:00,"(42.101167, -76.832994)",12.47,0.96,0.86,96545.47,0.0,0.0,0.0,10.5372517735484,0.0
5/20/2024 6:00,"(42.101167, -76.832994)",13.7,0.95,1.07,96629.01,0.0,0.0,0.0,11.252337921591527,0.0
5/20/2024 7:00,"(42.101167, -76.832994)",13.97,0.94,0.92,96654.38,0.0,0.0,0.0,11.320368965646068,0.0
5/20/2024 8:00,"(42.101167, -76.832994)",15.85,0.92,0.75,96679.83,0.0,0.0,0.0,12.425473460607979,0.0
5/20/2024 9:00,"(42.101167, -76.832994)",18.47,0.85,0.72,96697.38,0.0,0.0,0.0,13.430353192414387,0.0
5/20/2024 10:00,"(42.101167, -76.832994)",21.83,0.68,0.62,96681.46,0.0,0.0,0.0,13.07676095405174,0.0
5/20/2024 11:00,"(42.101167, -76.832994)",23.14,0.61,0.45,96700.53,0.0,0.0,0.0,12.646600560271185,0.0
5/20/2024 12:00,"(42.101167, -76.832994)",24.27,0.58,0.21,96677.98,0.01,0.0,0.0,12.82234480159626,0.01
5/20/2024 13:00,"(42.101167, -76.832994)",26.03,0.51,0.38,96620.41,0.04,0.0,0.0,12.44703100812326,0.04
5/20/2024 14:00,"(42.101167, -76.832994)",26.54,0.49,0.09,96590.29,0.03,0.0,0.0,12.303498659974208,0.03
5/20/2024 15:00,"(42.101167, -76.832994)",26.96,0.48,0.46,96568.2,0.03,0.0,0.0,12.336633902076226,0.03
5/20/2024 16:00,"(42.101167, -76.832994)",27.47,0.47,0.84,96557.37,0.02,0.0,0.0,12.425124379392184,0.02
5/20/2024 17:00,"(42.101167, -76.832994)",27.28,0.57,1.2,96505.02,0.14,0.0,0.0,14.911477415883157,0.14
5/20/2024 18:00,"(42.101167, -76.832994)",26.77,0.51,1.17,96449.39,0.0,0.0,0.0,12.970309352090641,0.0
5/20/2024 19:00,"(42.101167, -76.832994)",26.07,0.55,1.66,96438.22,0.01,0.0,0.0,13.453264254326136,0.01
5/20/2024 20:00,"(42.101167, -76.832994)",24.71,0.59,1.91,96469.86,0.0,0.0,0.0,13.371691106291985,0.0
5/20/2024 21:00,"(42.101167, -76.832994)",22.75,0.68,2.19,96478.53,0.0,0.0,0.0,13.786919839996775,0.0
5/20/2024 22:00,"(42.101167, -76.832994)",20.95,0.74,2.39,96501.93,0.0,0.0,0.0,13.523744835109794,0.0
5/20/2024 23:00,"(42.101167, -76.832994)",20.16,0.77,2.43,96485.67,0.0,0.0,0.0,13.4387974191187,0.0
5/21/2024 0:00,"(42.101167, -76.832994)",19.06,0.83,2.3,96488.82,0.0,0.0,0.0,13.579852751827193,0.0
5/21/2024 1:00,"(42.101167, -76.832994)",18.07,0.85,2.31,96511.01,0.0,0.0,0.0,13.115246944867994,0.0
5/21/2024 2:00,"(42.101167, -76.832994)",17.89,0.86,2.57,96471.56,0.0,0.0,0.0,13.128202224027024,0.0
5/21/2024 3:00,"(42.101167, -76.832994)",17.18,0.87,2.64,96432.97,0.0,0.0,0.0,12.729629228246331,0.0
5/21/2024 4:00,"(42.101167, -76.832994)",16.6,0.88,2.51,96419.58,0.0,0.0,0.0,12.43545089899837,0.0
5/21/2024 5:00,"(42.101167, -76.832994)",16.26,0.9,2.51,96430.13,0.0,0.0,0.0,12.460240071630748,0.0
5/21/2024 6:00,"(42.101167, -76.832994)",17.2,0.82,2.22,96450.16,0.0,0.0,0.0,12.012416835730056,0.0
5/21/2024 7:00,"(42.101167, -76.832994)",18.4,0.8,2.65,96484.14,0.0,0.0,0.0,12.587992159280653,0.0
5/21/2024 8:00,"(42.101167, -76.832994)",19.62,0.75,2.42,96505.97,0.0,0.0,0.0,12.682078021574435,0.0
5/21/2024 9:00,"(42.101167, -76.832994)",21.07,0.69,2.44,96518.63,0.0,0.0,0.0,12.698155720979578,0.0
5/21/2024 10:00,"(42.101167, -76.832994)",23.75,0.6,2.7,96507.1,0.0,0.0,0.0,12.879077576694803,0.0
5/21/2024 11:00,"(42.101167, -76.832994)",25.01,0.56,3.06,96489.18,0.0,0.0,0.0,12.908062773293102,0.0
5/21/2024 12:00,"(42.101167, -76.832994)",26.05,0.51,3.56,96470.91,0.0,0.0,0.0,12.460931352512421,0.0
5/21/2024 13:00,"(42.101167, -76.832994)",27.87,0.44,3.74,96434.5,0.0,0.0,0.0,11.891244498449524,0.0
5/21/2024 14:00,"(42.101167, -76.832994)",28.24,0.41,3.82,96397.82,0.0,0.0,0.0,11.307999690330915,0.0
5/21/2024 15:00,"(42.101167, -76.832994)",28.42,0.39,3.9,96388.3,0.0,0.0,0.0,10.863048024660952,0.0
5/21/2024 16:00,"(42.101167, -76.832994)",28.66,0.39,3.75,96351.84,0.0,0.0,0.0,11.006669004392919,0.0
5/21/2024 17:00,"(42.101167, -76.832994)",28.35,0.41,3.41,96315.26,0.0,0.0,0.0,11.376409385705136,0.0
5/21/2024 18:00,"(42.101167, -76.832994)",27.56,0.42,3.02,96278.8,0.0,0.0,0.0,11.158567062251988,0.0
5/21/2024 19:00,"(42.101167, -76.832994)",26.62,0.44,3.1,96265.99,0.0,0.0,0.0,11.097265088788083,0.0
5/21/2024 20:00,"(42.101167, -76.832994)",24.68,0.51,3.12,96294.23,0.0,0.0,0.0,11.539039885316859,0.0
5/21/2024 21:00,"(42.101167, -76.832994)",22.93,0.56,2.98,96263.85,0.0,0.0,0.0,11.471504241650326,0.0
5/21/2024 22:00,"(42.101167, -76.832994)",21.6,0.61,3.01,96350.65,0.0,0.0,0.0,11.57585553240515,0.0
5/21/2024 23:00,"(42.101167, -76.832994)",21.17,0.62,3.02,96329.24,0.0,0.0,0.0,11.47632836124752,0.0
5/22/2024 0:00,"(42.101167, -76.832994)",20.36,0.64,3.05,96361.57,0.0,0.0,0.0,11.301178443807013,0.0
5/22/2024 1:00,"(42.101167, -76.832994)",19.16,0.68,3.18,96335.82,0.0,0.0,0.0,11.191449322534712,0.0
5/22/2024 2:00,"(42.101167, -76.832994)",18.46,0.71,3.31,96313.09,0.0,0.0,0.0,11.211648814335547,0.0
5/22/2024 3:00,"(42.101167, -76.832994)",17.78,0.75,3.1,96330.59,0.0,0.0,0.0,11.374246624826863,0.0
5/22/2024 4:00,"(42.101167, -76.832994)",17.41,0.78,2.8,96349.26,0.0,0.0,0.0,11.570883354685236,0.0
5/22/2024 5:00,"(42.101167, -76.832994)",17.15,0.8,2.66,96379.05,0.0,0.0,0.0,11.68439611992754,0.0
5/22/2024 6:00,"(42.101167, -76.832994)",17.39,0.84,2.86,96390.7,0.0,0.0,0.0,12.44606419191249,0.0
5/22/2024 7:00,"(42.101167, -76.832994)",18.23,0.82,2.76,96384.76,0.0,0.0,0.0,12.77320121838831,0.0
5/22/2024 8:00,"(42.101167, -76.832994)",20.15,0.76,2.26,96390.04,0.0,0.0,0.0,13.256514709526718,0.0
5/22/2024 9:00,"(42.101167, -76.832994)",22.67,0.68,2.63,96390.54,0.0,0.0,0.0,13.723875073764017,0.0
5/22/2024 10:00,"(42.101167, -76.832994)",25.34,0.6,3.01,96367.06,0.0,0.0,0.0,14.088893952158093,0.0
5/22/2024 11:00,"(42.101167, -76.832994)",26.91,0.54,3.68,96353.59,0.0,0.0,0.0,13.840310633346299,0.0
5/22/2024 12:00,"(42.101167, -76.832994)",27.69,0.49,4.07,96300.47,0.01,0.0,0.0,13.111945235209399,0.01
5/22/2024 13:00,"(42.101167, -76.832994)",28.15,0.46,4.35,96210.59,0.02,0.0,0.0,12.624521497954271,0.02
5/22/2024 14:00,"(42.101167, -76.832994)",28.03,0.49,4.7,96209.49,0.01,0.0,0.0,13.359526000508001,0.01
5/22/2024 15:00,"(42.101167, -76.832994)",27.74,0.5,4.12,96234.8,1.39,0.0,0.0,13.416433986887345,1.39
5/22/2024 16:00,"(42.101167, -76.832994)",27.47,0.53,3.41,96224.71,0.35,0.0,0.0,14.011310470378424,0.35
5/22/2024 17:00,"(42.101167, -76.832994)",24.14,0.67,3.57,96130.59,0.0,0.0,0.0,14.703397442837243,0.0
5/22/2024 18:00,"(42.101167, -76.832994)",23.49,0.69,4.56,96016.52,0.0,0.0,0.0,14.593514199681854,0.0
5/22/2024 19:00,"(42.101167, -76.832994)",23.33,0.69,4.11,96118.8,0.0,0.0,0.0,14.461085112301339,0.0
5/22/2024 20:00,"(42.101167, -76.832994)",22.99,0.71,3.74,96146.74,0.0,0.0,0.0,14.5942106618271,0.0
5/22/2024 21:00,"(42.101167, -76.832994)",21.97,0.75,3.66,96108.56,0.0,0.0,0.0,14.539797021129374,0.0
5/22/2024 22:00,"(42.101167, -76.832994)",21.01,0.8,4.22,96152.32,0.0,0.0,0.0,14.67130518961263,0.0
5/22/2024 23:00,"(42.101167, -76.832994)",20.53,0.81,3.48,96154.85,0.0,0.0,0.0,14.445593351732224,0.0
5/23/2024 0:00,"(42.101167, -76.832994)",20.09,0.82,3.42,96142.19,0.0,0.0,0.0,14.25298061973163,0.0
5/23/2024 1:00,"(42.101167, -76.832994)",19.15,0.84,3.52,96160.03,0.0,0.0,0.0,13.816586263332242,0.0
5/23/2024 2:00,"(42.101167, -76.832994)",18.88,0.87,3.32,96121.49,0.0,0.0,0.0,14.083877592568966,0.0
5/23/2024 3:00,"(42.101167, -76.832994)",19.11,0.85,2.59,96065.25,0.01,0.0,0.0,13.948142508332426,0.01
5/23/2024 4:00,"(42.101167, -76.832994)",18.57,0.86,3.18,96157.07,0.67,0.0,0.0,13.669087915951724,0.67
5/23/2024 5:00,"(42.101167, -76.832994)",18.27,0.86,2.77,96191.09,0.83,0.0,0.0,13.428132365870422,0.83
5/23/2024 6:00,"(42.101167, -76.832994)",17.49,0.91,2.71,96200.44,0.22,0.0,0.0,13.564041810047197,0.22
5/23/2024 7:00,"(42.101167, -76.832994)",17.59,0.93,2.92,96292.47,0.27,0.0,0.0,13.945162129491887,0.27
5/23/2024 8:00,"(42.101167, -76.832994)",17.79,0.91,2.18,96403.52,0.16,0.0,0.0,13.808978356283255,0.16
5/23/2024 9:00,"(42.101167, -76.832994)",18.26,0.88,1.8,96450.58,0.08,0.0,0.0,13.732261034443539,0.08
5/23/2024 10:00,"(42.101167, -76.832994)",19.24,0.8,2.55,96464.58,0.04,0.0,0.0,13.22861245049377,0.04
5/23/2024 11:00,"(42.101167, -76.832994)",20.4,0.69,2.41,96450.79,0.02,0.0,0.0,12.212559531530353,0.02
5/23/2024 12:00,"(42.101167, -76.832994)",21.95,0.57,2.04,96400.13,0.01,0.0,0.0,11.037515964332673,0.01
5/23/2024 13:00,"(42.101167, -76.832994)",23.12,0.47,2.15,96357.91,0.0,0.0,0.0,9.732980482222315,0.0
5/23/2024 14:00,"(42.101167, -76.832994)",24.16,0.41,2.32,96359.97,0.0,0.0,0.0,9.007800167136008,0.0
5/23/2024 15:00,"(42.101167, -76.832994)",24.78,0.36,2.38,96294.58,0.0,0.0,0.0,8.191260594628343,0.0
5/23/2024 16:00,"(42.101167, -76.832994)",25.3,0.32,2.61,96261.85,0.0,0.0,0.0,7.497227110674876,0.0
5/23/2024 17:00,"(42.101167, -76.832994)",25.22,0.32,2.76,96228.31,0.0,0.0,0.0,7.463625238560636,0.0
5/23/2024 18:00,"(42.101167, -76.832994)",24.16,0.41,1.84,96243.37,0.0,0.0,0.0,9.007800167136008,0.0
5/23/2024 19:00,"(42.101167, -76.832994)",23.56,0.45,1.94,96209.47,0.0,0.0,0.0,9.555508393414962,0.0
5/23/2024 20:00,"(42.101167, -76.832994)",21.97,0.51,2.41,96230.15,0.0,0.0,0.0,9.887061974367976,0.0
5/23/2024 21:00,"(42.101167, -76.832994)",19.72,0.57,2.44,96258.26,0.0,0.0,0.0,9.695116374300863,0.0
5/23/2024 22:00,"(42.101167, -76.832994)",16.65,0.69,2.14,96330.18,0.0,0.0,0.0,9.779890304600785,0.0
5/23/2024 23:00,"(42.101167, -76.832994)",15.37,0.75,1.72,96337.21,0.0,0.0,0.0,9.838873549286408,0.0
5/24/2024 0:00,"(42.101167, -76.832994)",15.13,0.76,1.65,96302.55,0.0,0.0,0.0,9.825593303566626,0.0
5/24/2024 1:00,"(42.101167, -76.832994)",13.37,0.85,1.4,96290.61,0.0,0.0,0.0,9.865065656685596,0.0
5/24/2024 2:00,"(42.101167, -76.832994)",12.38,0.89,1.87,96250.98,0.0,0.0,0.0,9.714352330702617,0.0
5/24/2024 3:00,"(42.101167, -76.832994)",12.04,0.88,2.03,96248.62,0.0,0.0,0.0,9.403764974478802,0.0
5/24/2024 4:00,"(42.101167, -76.832994)",11.23,0.89,1.84,96224.44,0.0,0.0,0.0,9.040175194399005,0.0
5/24/2024 5:00,"(42.101167, -76.832994)",10.79,0.88,1.94,96221.8,0.0,0.0,0.0,8.694408224439886,0.0
5/24/2024 6:00,"(42.101167, -76.832994)",11.72,0.85,2.1,96294.46,0.0,0.0,0.0,8.903307005157405,0.0
5/24/2024 7:00,"(42.101167, -76.832994)",12.64,0.83,2.1,96286.16,0.0,0.0,0.0,9.207116844043064,0.0
5/24/2024 8:00,"(42.101167, -76.832994)",15.59,0.71,1.68,96294.9,0.0,0.0,0.0,9.43935555888637,0.0
5/24/2024 9:00,"(42.101167, -76.832994)",18.24,0.59,1.72,96313.38,0.0,0.0,0.0,9.195932171150318,0.0
5/24/2024 10:00,"(42.101167, -76.832994)",21.44,0.49,2.37,96273.28,0.0,0.0,0.0,9.212989895847787,0.0
5/24/2024 11:00,"(42.101167, -76.832994)",23.0,0.41,2.92,96271.73,0.0,0.0,0.0,8.432461556325432,0.0
5/24/2024 12:00,"(42.101167, -76.832994)",23.86,0.36,2.8,96228.74,0.0,0.0,0.0,7.775876322253164,0.0
5/24/2024 13:00,"(42.101167, -76.832994)",24.93,0.32,2.93,96204.42,0.0,0.0,0.0,7.342901841622214,0.0
5/24/2024 14:00,"(42.101167, -76.832994)",25.5,0.31,3.12,96156.31,0.0,0.0,0.0,7.344870187416053,0.0
5/24/2024 15:00,"(42.101167, -76.832994)",25.93,0.3,3.76,96137.01,0.0,0.0,0.0,7.281017060909291,0.0
5/24/2024 16:00,"(42.101167, -76.832994)",26.1,0.3,4.1,96140.08,0.0,0.0,0.0,7.350435643666827,0.0
5/24/2024 17:00,"(42.101167, -76.832994)",25.82,0.3,3.33,96094.9,0.0,0.0,0.0,7.236400057258424,0.0
5/24/2024 18:00,"(42.101167, -76.832994)",25.19,0.33,2.83,96060.31,0.0,0.0,0.0,7.683903532153605,0.0
5/24/2024 19:00,"(42.101167, -76.832994)",23.99,0.38,2.55,96071.97,0.0,0.0,0.0,8.268639784677054,0.0
5/24/2024 20:00,"(42.101167, -76.832994)",22.12,0.46,2.92,96104.31,0.0,0.0,0.0,8.995116970546775,0.0
5/24/2024 21:00,"(42.101167, -76.832994)",19.52,0.58,2.86,96150.74,0.0,0.0,0.0,9.75003332308128,0.0
5/24/2024 22:00,"(42.101167, -76.832994)",16.47,0.68,1.65,96287.96,0.0,0.0,0.0,9.53431817164319,0.0
5/24/2024 23:00,"(42.101167, -76.832994)",17.01,0.67,1.32,96278.11,0.0,0.0,0.0,9.703928416294282,0.0
5/25/2024 0:00,"(42.101167, -76.832994)",16.35,0.72,0.68,96281.45,0.0,0.0,0.0,10.022436657183995,0.0
5/25/2024 1:00,"(42.101167, -76.832994)",14.58,0.77,0.6,96254.45,0.0,0.0,0.0,9.626372844621644,0.0
5/25/2024 2:00,"(42.101167, -76.832994)",13.92,0.81,1.18,96209.13,0.0,0.0,0.0,9.724854109480345,0.0
5/25/2024 3:00,"(42.101167, -76.832994)",13.25,0.84,1.1,96218.78,0.0,0.0,0.0,9.676996808229163,0.0
5/25/2024 4:00,"(42.101167, -76.832994)",11.61,0.9,0.41,96198.06,0.0,0.0,0.0,9.36232341179115,0.0
5/25/2024 5:00,"(42.101167, -76.832994)",11.16,0.9,0.93,96175.04,0.0,0.0,0.0,9.10161511645214,0.0
5/25/2024 6:00,"(42.101167, -76.832994)",12.04,0.84,1.23,96173.72,0.0,0.0,0.0,8.976321112002493,0.0
5/25/2024 7:00,"(42.101167, -76.832994)",12.42,0.85,1.79,96208.98,0.0,0.0,0.0,9.300879196909257,0.0
5/25/2024 8:00,"(42.101167, -76.832994)",15.17,0.75,1.01,96223.5,0.0,0.0,0.0,9.719944775775998,0.0
5/25/2024 9:00,"(42.101167, -76.832994)",17.37,0.62,1.45,96265.82,0.0,0.0,0.0,9.175403969227427,0.0
5/25/2024 10:00,"(42.101167, -76.832994)",20.37,0.53,2.24,96213.64,0.0,0.0,0.0,9.364252583769273,0.0
5/25/2024 11:00,"(42.101167, -76.832994)",22.24,0.48,2.28,96164.41,0.0,0.0,0.0,9.451234320576397,0.0
5/25/2024 12:00,"(42.101167, -76.832994)",24.13,0.46,2.41,96139.58,0.0,0.0,0.0,10.089152820890316,0.0
5/25/2024 13:00,"(42.101167, -76.832994)",24.3,0.47,2.74,96073.16,0.0,0.0,0.0,10.408173397950401,0.0
5/25/2024 14:00,"(42.101167, -76.832994)",23.22,0.52,2.97,96092.79,0.15,0.0,0.0,10.830048823697007,0.15
5/25/2024 15:00,"(42.101167, -76.832994)",22.15,0.59,2.27,96104.35,0.44,0.0,0.0,11.557152398396255,0.44
5/25/2024 16:00,"(42.101167, -76.832994)",21.35,0.61,1.52,96086.56,0.08,0.0,0.0,11.409629898981613,0.08
5/25/2024 17:00,"(42.101167, -76.832994)",21.69,0.61,1.38,96082.18,0.55,0.0,0.0,11.636205970177919,0.55
5/25/2024 18:00,"(42.101167, -76.832994)",18.55,0.87,0.22,96112.34,0.22,0.0,0.0,13.811663459884707,0.22
5/25/2024 19:00,"(42.101167, -76.832994)",18.95,0.84,1.38,96080.36,0.0,0.0,0.0,13.654549951535902,0.0
5/25/2024 20:00,"(42.101167, -76.832994)",18.67,0.86,1.09,96106.84,0.0,0.0,0.0,13.750232871788729,0.0
5/25/2024 21:00,"(42.101167, -76.832994)",17.93,0.9,1.24,96157.72,0.0,0.0,0.0,13.771568120209176,0.0
5/25/2024 22:00,"(42.101167, -76.832994)",17.19,0.93,1.87,96198.15,0.0,0.0,0.0,13.61568453688841,0.0
5/25/2024 23:00,"(42.101167, -76.832994)",16.63,0.95,1.88,96197.14,0.0,0.0,0.0,13.44888097755651,0.0
5/26/2024 0:00,"(42.101167, -76.832994)",16.52,0.95,1.49,96227.57,0.0,0.0,0.0,13.36016219140931,0.0
5/26/2024 1:00,"(42.101167, -76.832994)",16.05,0.96,1.56,96245.0,0.0,0.0,0.0,13.123479165842921,0.0
5/26/2024 2:00,"(42.101167, -76.832994)",15.76,0.96,1.4,96206.71,0.0,0.0,0.0,12.895253886279798,0.0
5/26/2024 3:00,"(42.101167, -76.832994)",15.49,0.96,1.44,96233.12,0.0,0.0,0.0,12.68586831522676,0.0
5/26/2024 4:00,"(42.101167, -76.832994)",15.53,0.96,1.55,96248.95,0.0,0.0,0.0,12.71670119630897,0.0
5/26/2024 5:00,"(42.101167, -76.832994)",15.6,0.96,1.99,96281.3,0.0,0.0,0.0,12.770815054355285,0.0
5/26/2024 6:00,"(42.101167, -76.832994)",15.65,0.95,1.52,96400.92,0.0,0.0,0.0,12.676156670976182,0.0
5/26/2024 7:00,"(42.101167, -76.832994)",16.23,0.92,1.18,96376.55,0.0,0.0,0.0,12.71410244525618,0.0
5/26/2024 8:00,"(42.101167, -76.832994)",16.48,0.92,1.74,96404.27,0.0,0.0,0.0,12.907141671468676,0.0
5/26/2024 9:00,"(42.101167, -76.832994)",16.53,0.93,2.01,96499.04,0.29,0.0,0.0,13.08677060819301,0.29
5/26/2024 10:00,"(42.101167, -76.832994)",17.78,0.85,1.59,96474.09,0.03,0.0,0.0,12.890812841470446,0.03
5/26/2024 11:00,"(42.101167, -76.832994)",18.99,0.78,1.25,96537.91,0.03,0.0,0.0,12.709194782150194,0.03
5/26/2024 12:00,"(42.101167, -76.832994)",20.27,0.72,0.87,96452.43,0.0,0.0,0.0,12.64718647496988,0.0
5/26/2024 13:00,"(42.101167, -76.832994)",21.91,0.63,1.02,96412.14,0.0,0.0,0.0,12.171262178895859,0.0
5/26/2024 14:00,"(42.101167, -76.832994)",22.97,0.59,1.18,96383.54,0.0,0.0,0.0,12.11372506624344,0.0
5/26/2024 15:00,"(42.101167, -76.832994)",24.05,0.54,1.29,96296.57,0.0,0.0,0.0,11.790215073552261,0.0
5/26/2024 16:00,"(42.101167, -76.832994)",24.71,0.51,1.42,96280.14,0.0,0.0,0.0,11.558580447811716,0.0
5/26/2024 17:00,"(42.101167, -76.832994)",25.11,0.48,1.61,96219.03,0.0,0.0,0.0,11.126451284911521,0.0
5/26/2024 18:00,"(42.101167, -76.832994)",24.37,0.49,2.16,96110.2,0.0,0.0,0.0,10.894121238486573,0.0
5/26/2024 19:00,"(42.101167, -76.832994)",23.55,0.53,1.9,96141.46,0.0,0.0,0.0,11.247862530488858,0.0
5/26/2024 20:00,"(42.101167, -76.832994)",21.97,0.6,2.81,96086.78,0.0,0.0,0.0,11.6318376169035,0.0
5/26/2024 21:00,"(42.101167, -76.832994)",20.58,0.64,3.24,96061.13,0.0,0.0,0.0,11.447110617938213,0.0
5/26/2024 22:00,"(42.101167, -76.832994)",19.16,0.69,2.68,96085.41,0.0,0.0,0.0,11.35602945963081,0.0
5/26/2024 23:00,"(42.101167, -76.832994)",18.88,0.7,3.02,96039.25,0.0,0.0,0.0,11.331855534250893,0.0
5/27/2024 0:00,"(42.101167, -76.832994)",18.9,0.67,4.19,95930.14,0.0,0.0,0.0,10.85902379144829,0.0
5/27/2024 1:00,"(42.101167, -76.832994)",19.13,0.64,5.02,95882.76,0.0,0.0,0.0,10.514520533233682,0.0
5/27/2024 2:00,"(42.101167, -76.832994)",19.3,0.66,5.35,95841.42,0.06,0.0,0.0,10.952229801835594,0.06
5/27/2024 3:00,"(42.101167, -76.832994)",19.03,0.75,5.31,95785.4,0.33,0.0,0.0,12.249255597330704,0.33
5/27/2024 4:00,"(42.101167, -76.832994)",18.77,0.84,5.08,95755.31,0.64,0.0,0.0,13.510124346794056,0.64
5/27/2024 5:00,"(42.101167, -76.832994)",18.73,0.89,5.06,95727.08,0.01,0.0,0.0,14.280484115908795,0.01
5/27/2024 6:00,"(42.101167, -76.832994)",19.49,0.87,4.97,95729.59,0.02,0.0,0.0,14.599286998716476,0.02
5/27/2024 7:00,"(42.101167, -76.832994)",19.81,0.85,4.93,95714.88,0.01,0.0,0.0,14.53414432694129,0.01
5/27/2024 8:00,"(42.101167, -76.832994)",20.18,0.83,6.39,95649.96,0.02,0.0,0.0,14.502923174669133,0.02
5/27/2024 9:00,"(42.101167, -76.832994)",20.48,0.83,6.71,95655.72,0.13,0.0,0.0,14.759186308814973,0.13
5/27/2024 10:00,"(42.101167, -76.832994)",21.21,0.82,7.09,95586.19,0.55,0.0,0.0,15.213616165873578,0.55
5/27/2024 11:00,"(42.101167, -76.832994)",21.07,0.84,7.27,95516.75,2.19,0.0,0.0,15.458624355975143,2.19
5/27/2024 12:00,"(42.101167, -76.832994)",20.7,0.84,6.06,95528.37,3.13,0.0,0.0,15.129703947148055,3.13
5/27/2024 13:00,"(42.101167, -76.832994)",20.51,0.84,5.07,95480.68,3.23,0.0,0.0,14.963159158309258,3.23
5/27/2024 14:00,"(42.101167, -76.832994)",20.9,0.85,5.41,95375.68,2.09,0.0,0.0,15.488963568466922,2.09
5/27/2024 15:00,"(42.101167, -76.832994)",22.07,0.84,5.43,95370.52,1.16,0.0,0.0,16.37865108763042,1.16
5/27/2024 16:00,"(42.101167, -76.832994)",22.54,0.8,4.21,95329.37,0.35,0.0,0.0,16.025831996892297,0.35
5/27/2024 17:00,"(42.101167, -76.832994)",22.61,0.76,3.68,95315.09,0.08,0.0,0.0,15.285784653808863,0.08
5/27/2024 18:00,"(42.101167, -76.832994)",22.87,0.7,3.11,95251.77,1.0,0.0,0.0,14.29024768594834,1.0
5/27/2024 19:00,"(42.101167, -76.832994)",21.52,0.76,2.91,95332.75,1.48,0.0,0.0,14.355823822181755,1.48
5/27/2024 20:00,"(42.101167, -76.832994)",20.79,0.79,3.13,95407.21,0.04,0.0,0.0,14.303843862474134,0.04
5/27/2024 21:00,"(42.101167, -76.832994)",19.54,0.83,3.06,95481.77,0.1,0.0,0.0,13.969040358379972,0.1
5/27/2024 22:00,"(42.101167, -76.832994)",18.71,0.87,3.14,95532.15,0.0,0.0,0.0,13.943072477332219,0.0
5/27/2024 23:00,"(42.101167, -76.832994)",18.46,0.87,3.54,95562.16,0.0,0.0,0.0,13.738217561228064,0.0
5/28/2024 0:00,"(42.101167, -76.832994)",17.94,0.87,3.71,95590.44,0.0,0.0,0.0,13.320441071811889,0.0
5/28/2024 1:00,"(42.101167, -76.832994)",17.13,0.85,3.95,95611.52,0.0,0.0,0.0,12.399808023420453,0.0
5/28/2024 2:00,"(42.101167, -76.832994)",16.4,0.82,3.94,95635.56,0.0,0.0,0.0,11.4488888425246,0.0
5/28/2024 3:00,"(42.101167, -76.832994)",16.32,0.77,3.73,95629.95,0.0,0.0,0.0,10.699071699038361,0.0
5/28/2024 4:00,"(42.101167, -76.832994)",15.84,0.77,3.53,95652.29,0.0,0.0,0.0,10.393288660927544,0.0
5/28/2024 5:00,"(42.101167, -76.832994)",15.86,0.76,3.42,95649.55,0.0,0.0,0.0,10.270735480790087,0.0
5/28/2024 6:00,"(42.101167, -76.832994)",16.42,0.73,3.6,95693.8,0.0,0.0,0.0,10.204592434231802,0.0
5/28/2024 7:00,"(42.101167, -76.832994)",16.43,0.74,3.5,95741.55,0.0,0.0,0.0,10.350614895925894,0.0
5/28/2024 8:00,"(42.101167, -76.832994)",16.95,0.73,3.64,95775.22,0.14,0.0,0.0,10.534959803072324,0.14
5/28/2024 9:00,"(42.101167, -76.832994)",17.39,0.73,4.59,95770.42,0.37,0.0,0.0,10.816222452495374,0.37
5/28/2024 10:00,"(42.101167, -76.832994)",18.86,0.69,5.61,95776.17,0.06,0.0,0.0,11.156783486673774,0.06
5/28/2024 11:00,"(42.101167, -76.832994)",19.13,0.69,5.16,95791.08,0.05,0.0,0.0,11.335967449892562,0.05
5/28/2024 12:00,"(42.101167, -76.832994)",19.89,0.68,4.62,95815.61,0.36,0.0,0.0,11.681960593387476,0.36
5/28/2024 13:00,"(42.101167, -76.832994)",20.86,0.65,3.67,95824.33,0.18,0.0,0.0,11.81699291124767,0.18
5/28/2024 14:00,"(42.101167, -76.832994)",18.2,0.75,3.31,95800.0,2.43,0.0,0.0,11.662012479894832,2.43
5/28/2024 15:00,"(42.101167, -76.832994)",19.27,0.62,4.5,95867.39,2.18,0.0,0.0,10.270302627102181,2.18
5/28/2024 16:00,"(42.101167, -76.832994)",19.45,0.62,4.29,95932.2,2.29,0.0,0.0,10.379653286328574,2.29
5/28/2024 17:00,"(42.101167, -76.832994)",18.28,0.66,3.42,95946.37,0.08,0.0,0.0,10.311429134980758,0.08
5/28/2024 18:00,"(42.101167, -76.832994)",17.21,0.67,2.48,96046.62,0.04,0.0,0.0,9.820900994306271,0.04
5/28/2024 19:00,"(42.101167, -76.832994)",15.33,0.79,2.69,96103.54,1.21,0.0,0.0,10.338453389365283,1.21
5/28/2024 20:00,"(42.101167, -76.832994)",15.27,0.79,2.4,96081.67,0.01,0.0,0.0,10.300812554951836,0.01
5/28/2024 21:00,"(42.101167, -76.832994)",15.11,0.8,2.51,96184.85,0.0,0.0,0.0,10.330144088092226,0.0
5/28/2024 22:00,"(42.101167, -76.832994)",14.46,0.83,2.7,96241.39,0.01,0.0,0.0,10.30058262230786,0.01
5/28/2024 23:00,"(42.101167, -76.832994)",14.01,0.85,2.69,96227.64,0.04,0.0,0.0,10.261692253602055,0.04
5/29/2024 0:00,"(42.101167, -76.832994)",13.7,0.86,2.53,96279.26,0.06,0.0,0.0,10.186326960598647,0.06
5/29/2024 1:00,"(42.101167, -76.832994)",13.09,0.89,2.41,96274.72,0.03,0.0,0.0,10.152042668216046,0.03
5/29/2024 2:00,"(42.101167, -76.832994)",12.66,0.91,2.24,96273.34,0.01,0.0,0.0,10.107097853836969,0.01
5/29/2024 3:00,"(42.101167, -76.832994)",12.77,0.91,2.03,96276.83,0.0,0.0,0.0,10.176354697071623,0.0
5/29/2024 4:00,"(42.101167, -76.832994)",12.82,0.92,1.82,96292.76,0.0,0.0,0.0,10.32014662259731,0.0
5/29/2024 5:00,"(42.101167, -76.832994)",13.03,0.91,1.54,96298.65,0.0,0.0,0.0,10.341693678868268,0.0
5/29/2024 6:00,"(42.101167, -76.832994)",12.13,0.94,1.27,96385.33,0.0,0.0,0.0,10.101502739940708,0.0
5/29/2024 7:00,"(42.101167, -76.832994)",12.04,0.92,1.46,96402.3,0.0,0.0,0.0,9.831208836955113,0.0
5/29/2024 8:00,"(42.101167, -76.832994)",12.92,0.88,2.14,96478.54,0.01,0.0,0.0,9.93284045451027,0.01
5/29/2024 9:00,"(42.101167, -76.832994)",13.75,0.83,2.11,96497.4,0.14,0.0,0.0,9.861302771288777,0.14
5/29/2024 10:00,"(42.101167, -76.832994)",15.65,0.69,2.15,96491.17,0.15,0.0,0.0,9.206892739972176,0.15
5/29/2024 11:00,"(42.101167, -76.832994)",16.85,0.66,1.89,96514.29,0.1,0.0,0.0,9.467769631259777,0.1
5/29/2024 12:00,"(42.101167, -76.832994)",17.47,0.66,1.43,96538.25,0.09,0.0,0.0,9.82591118971369,0.09
5/29/2024 13:00,"(42.101167, -76.832994)",18.04,0.59,1.31,96486.63,0.16,0.0,0.0,9.087300747564306,0.16
5/29/2024 14:00,"(42.101167, -76.832994)",17.12,0.65,1.33,96424.42,0.2,0.0,0.0,9.476527698129571,0.2
5/29/2024 15:00,"(42.101167, -76.832994)",15.48,0.78,1.3,96345.66,0.08,0.0,0.0,10.301013309940307,0.08
5/29/2024 16:00,"(42.101167, -76.832994)",14.66,0.81,0.54,96406.65,2.07,0.0,0.0,10.176085651452157,2.07
5/29/2024 17:00,"(42.101167, -76.832994)",14.16,0.8,2.56,96449.61,2.97,0.0,0.0,9.747414992995235,2.97
5/29/2024 18:00,"(42.101167, -76.832994)",13.77,0.88,3.04,96513.02,1.24,0.0,0.0,10.468236767116824,1.24
5/29/2024 19:00,"(42.101167, -76.832994)",13.47,0.87,2.98,96528.29,0.65,0.0,0.0,10.159703316101643,0.65
5/29/2024 20:00,"(42.101167, -76.832994)",13.32,0.84,2.82,96497.16,0.26,0.0,0.0,9.71894586267471,0.26
5/29/2024 21:00,"(42.101167, -76.832994)",12.75,0.83,2.0,96514.51,0.03,0.0,0.0,9.270217069617459,0.03
5/29/2024 22:00,"(42.101167, -76.832994)",11.68,0.84,2.27,96571.94,0.0,0.0,0.0,8.776559016718059,0.0
5/29/2024 23:00,"(42.101167, -76.832994)",11.05,0.85,2.18,96572.89,0.0,0.0,0.0,8.536696713168437,0.0
5/30/2024 0:00,"(42.101167, -76.832994)",10.33,0.86,2.2,96617.37,0.0,0.0,0.0,8.253403090898827,0.0
5/30/2024 1:00,"(42.101167, -76.832994)",9.76,0.86,2.35,96605.4,0.0,0.0,0.0,7.9602289909980595,0.0
5/30/2024 2:00,"(42.101167, -76.832994)",9.28,0.86,2.45,96617.2,0.0,0.0,0.0,7.720421207687983,0.0
5/30/2024 3:00,"(42.101167, -76.832994)",8.54,0.87,2.23,96616.51,0.0,0.0,0.0,7.448662130711679,0.0
5/30/2024 4:00,"(42.101167, -76.832994)",7.74,0.89,2.04,96655.38,0.0,0.0,0.0,7.236936297979886,0.0
5/30/2024 5:00,"(42.101167, -76.832994)",7.44,0.9,2.07,96695.72,0.0,0.0,0.0,7.177466062217432,0.0
5/30/2024 6:00,"(42.101167, -76.832994)",7.49,0.92,1.93,96768.06,0.0,0.0,0.0,7.3607816940605,0.0
5/30/2024 7:00,"(42.101167, -76.832994)",8.5,0.92,2.03,96796.05,0.0,0.0,0.0,7.856527694209467,0.0
5/30/2024 8:00,"(42.101167, -76.832994)",10.04,0.87,2.19,96819.12,0.0,0.0,0.0,8.197312939116728,0.0
5/30/2024 9:00,"(42.101167, -76.832994)",11.51,0.74,3.01,96828.79,0.0,0.0,0.0,7.649818942807678,0.0
5/30/2024 10:00,"(42.101167, -76.832994)",14.05,0.57,4.94,96828.34,0.0,0.0,0.0,6.898297202879733,0.0
5/30/2024 11:00,"(42.101167, -76.832994)",14.99,0.52,5.31,96824.15,0.0,0.0,0.0,6.6656904323872705,0.0
5/30/2024 12:00,"(42.101167, -76.832994)",15.4,0.48,5.12,96824.24,0.0,0.0,0.0,6.308365580432004,0.0
5/30/2024 13:00,"(42.101167, -76.832994)",16.14,0.44,4.89,96803.17,0.0,0.0,0.0,6.047715457959043,0.0
5/30/2024 14:00,"(42.101167, -76.832994)",16.44,0.42,4.55,96777.62,0.0,0.0,0.0,5.878213111952438,0.0
5/30/2024 15:00,"(42.101167, -76.832994)",16.91,0.4,4.39,96771.22,0.0,0.0,0.0,5.758743770356496,0.0
5/30/2024 16:00,"(42.101167, -76.832994)",17.22,0.37,4.42,96811.99,0.0,0.0,0.0,5.426730094695745,0.0
5/30/2024 17:00,"(42.101167, -76.832994)",16.88,0.37,4.5,96842.06,0.0,0.0,0.0,5.317256048038362,0.0
5/30/2024 18:00,"(42.101167, -76.832994)",16.12,0.36,3.63,96916.03,0.0,0.0,0.0,4.942158541518945,0.0
5/30/2024 19:00,"(42.101167, -76.832994)",15.6,0.36,3.23,96932.58,0.0,0.0,0.0,4.789055645383232,0.0
5/30/2024 20:00,"(42.101167, -76.832994)",14.32,0.4,2.92,96949.68,0.0,0.0,0.0,4.92175661720339,0.0
5/30/2024 21:00,"(42.101167, -76.832994)",12.15,0.51,2.82,96963.96,0.0,0.0,0.0,5.48744365063313,0.0
5/30/2024 22:00,"(42.101167, -76.832994)",10.47,0.59,2.72,97011.15,0.0,0.0,0.0,5.712594089526059,0.0
5/30/2024 23:00,"(42.101167, -76.832994)",9.18,0.65,2.67,97013.43,0.0,0.0,0.0,5.798046199712252,0.0
5/31/2024 0:00,"(42.101167, -76.832994)",8.93,0.67,2.78,97043.9,0.0,0.0,0.0,5.881627841301933,0.0
5/31/2024 1:00,"(42.101167, -76.832994)",7.57,0.72,2.86,97100.74,0.0,0.0,0.0,5.790543800573906,0.0
5/31/2024 2:00,"(42.101167, -76.832994)",6.85,0.75,2.66,97104.58,0.0,0.0,0.0,5.75622346433621,0.0
5/31/2024 3:00,"(42.101167, -76.832994)",6.42,0.77,2.36,97098.76,0.0,0.0,0.0,5.746181026305955,0.0
5/31/2024 4:00,"(42.101167, -76.832994)",5.56,0.81,2.25,97106.12,0.0,0.0,0.0,5.713036842832613,0.0
5/31/2024 5:00,"(42.101167, -76.832994)",5.28,0.82,2.21,97134.91,0.0,0.0,0.0,5.677786652969015,0.0
5/31/2024 6:00,"(42.101167, -76.832994)",5.99,0.81,1.93,97254.25,0.0,0.0,0.0,5.876817567840744,0.0
5/31/2024 7:00,"(42.101167, -76.832994)",7.73,0.79,2.13,97326.53,0.0,0.0,0.0,6.419644341555611,0.0
5/31/2024 8:00,"(42.101167, -76.832994)",10.38,0.71,1.74,97364.8,0.0,0.0,0.0,6.835452979724349,0.0
5/31/2024 9:00,"(42.101167, -76.832994)",12.62,0.63,2.15,97419.94,0.0,0.0,0.0,6.979856724183329,0.0
5/31/2024 10:00,"(42.101167, -76.832994)",15.67,0.53,2.42,97441.27,0.0,0.0,0.0,7.080539627853864,0.0
5/31/2024 11:00,"(42.101167, -76.832994)",17.34,0.43,2.72,97422.99,0.0,0.0,0.0,6.352182031628592,0.0
5/31/2024 12:00,"(42.101167, -76.832994)",18.26,0.4,2.78,97377.06,0.0,0.0,0.0,6.241936833837972,0.0
5/31/2024 13:00,"(42.101167, -76.832994)",19.46,0.36,2.92,97346.88,0.0,0.0,0.0,6.030439958990027,0.0
5/31/2024 14:00,"(42.101167, -76.832994)",19.96,0.35,3.1,97287.34,0.0,0.0,0.0,6.037477819504399,0.0
5/31/2024 15:00,"(42.101167, -76.832994)",20.8,0.33,3.05,97205.69,0.0,0.0,0.0,5.978500003818719,0.0
5/31/2024 16:00,"(42.101167, -76.832994)",21.15,0.31,3.27,97186.03,0.0,0.0,0.0,5.7315117464193905,0.0
5/31/2024 17:00,"(42.101167, -76.832994)",21.48,0.31,3.41,97196.38,0.0,0.0,0.0,5.842132126551382,0.0
5/31/2024 18:00,"(42.101167, -76.832994)",21.17,0.32,2.75,97158.41,0.0,0.0,0.0,5.9232662509664635,0.0
5/31/2024 19:00,"(42.101167, -76.832994)",20.66,0.36,2.51,97201.66,0.0,0.0,0.0,6.46907551750824,0.0
5/31/2024 20:00,"(42.101167, -76.832994)",18.28,0.45,2.15,97200.49,0.0,0.0,0.0,7.030519864759606,0.0
5/31/2024 21:00,"(42.101167, -76.832994)",16.23,0.51,2.13,97208.98,0.0,0.0,0.0,7.048035051174622,0.0
5/31/2024 22:00,"(42.101167, -76.832994)",13.99,0.59,2.06,97237.48,0.0,0.0,0.0,7.1140751636541335,0.0
5/31/2024 23:00,"(42.101167, -76.832994)",12.33,0.66,1.89,97246.13,0.0,0.0,0.0,7.181509534649996,0.0
6/1/2024 0:00,"(42.101167, -76.832994)",11.07,0.74,1.85,97256.05,0.0,0.0,0.0,7.4413069075637095,0.0
6/1/2024 1:00,"(42.101167, -76.832994)",9.12,0.8,2.0,97280.12,0.0,0.0,0.0,7.108740612345576,0.0
6/1/2024 2:00,"(42.101167, -76.832994)",8.24,0.82,2.35,97325.01,0.0,0.0,0.0,6.886401735714644,0.0
6/1/2024 3:00,"(42.101167, -76.832994)",7.66,0.81,2.26,97354.55,0.0,0.0,0.0,6.5524268428731505,0.0
6/1/2024 4:00,"(42.101167, -76.832994)",6.94,0.79,2.14,97370.04,0.0,0.0,0.0,6.098863490556951,0.0
6/1/2024 5:00,"(42.101167, -76.832994)",6.38,0.79,2.18,97339.45,0.0,0.0,0.0,5.880032252199703,0.0
6/1/2024 6:00,"(42.101167, -76.832994)",7.2,0.77,1.46,97381.47,0.0,0.0,0.0,6.045822355970165,0.0
6/1/2024 7:00,"(42.101167, -76.832994)",8.86,0.75,1.77,97383.82,0.0,0.0,0.0,6.554456346349628,0.0
6/1/2024 8:00,"(42.101167, -76.832994)",11.79,0.67,1.01,97396.89,0.0,0.0,0.0,7.048705673690041,0.0
6/1/2024 9:00,"(42.101167, -76.832994)",15.33,0.52,0.58,97363.1,0.0,0.0,0.0,6.805057927177149,0.0
6/1/2024 10:00,"(42.101167, -76.832994)",18.71,0.43,0.49,97333.85,0.0,0.0,0.0,6.8914036382216715,0.0
6/1/2024 11:00,"(42.101167, -76.832994)",20.4,0.41,0.47,97297.25,0.0,0.0,0.0,7.256738272358616,0.0
6/1/2024 12:00,"(42.101167, -76.832994)",21.61,0.37,0.88,97293.52,0.0,0.0,0.0,7.025479798839234,0.0
6/1/2024 13:00,"(42.101167, -76.832994)",23.06,0.33,1.12,97251.28,0.0,0.0,0.0,6.810414532248618,0.0
6/1/2024 14:00,"(42.101167, -76.832994)",23.91,0.31,1.04,97164.87,0.0,0.0,0.0,6.714923862981251,0.0
6/1/2024 15:00,"(42.101167, -76.832994)",24.48,0.29,1.18,97107.66,0.0,0.0,0.0,6.487751691180723,0.0
6/1/2024 16:00,"(42.101167, -76.832994)",25.08,0.28,1.47,97063.05,0.0,0.0,0.0,6.479491865703159,0.0
6/1/2024 17:00,"(42.101167, -76.832994)",25.14,0.29,1.63,97024.11,0.0,0.0,0.0,6.733576124072389,0.0
6/1/2024 18:00,"(42.101167, -76.832994)",23.98,0.38,1.25,96941.92,0.0,0.0,0.0,8.263951431880109,0.0
6/1/2024 19:00,"(42.101167, -76.832994)",23.18,0.45,1.34,96925.45,0.0,0.0,0.0,9.350787538355108,0.0
6/1/2024 20:00,"(42.101167, -76.832994)",21.48,0.48,1.56,96920.95,0.0,0.0,0.0,9.045882002402141,0.0
6/1/2024 21:00,"(42.101167, -76.832994)",18.74,0.56,2.08,96933.28,0.0,0.0,0.0,8.99078817692826,0.0
6/1/2024 22:00,"(42.101167, -76.832994)",15.84,0.62,2.26,96960.94,0.0,0.0,0.0,8.368622038668931,0.0
6/1/2024 23:00,"(42.101167, -76.832994)",14.55,0.67,2.42,96931.41,0.0,0.0,0.0,8.360841356074406,0.0
6/2/2024 0:00,"(42.101167, -76.832994)",13.25,0.73,2.26,96908.62,0.0,0.0,0.0,8.409771035722963,0.0
6/2/2024 1:00,"(42.101167, -76.832994)",11.66,0.8,1.98,96871.6,0.0,0.0,0.0,8.34816701722848,0.0
6/2/2024 2:00,"(42.101167, -76.832994)",11.18,0.81,1.98,96854.42,0.0,0.0,0.0,8.201759951613452,0.0
6/2/2024 3:00,"(42.101167, -76.832994)",10.66,0.82,2.22,96794.52,0.0,0.0,0.0,8.035422825982632,0.0
6/2/2024 4:00,"(42.101167, -76.832994)",10.23,0.82,2.18,96757.8,0.0,0.0,0.0,7.819843689398807,0.0
6/2/2024 5:00,"(42.101167, -76.832994)",10.31,0.79,2.11,96719.29,0.0,0.0,0.0,7.572020827276931,0.0
6/2/2024 6:00,"(42.101167, -76.832994)",10.57,0.78,2.06,96765.59,0.0,0.0,0.0,7.600128438818466,0.0
6/2/2024 7:00,"(42.101167, -76.832994)",11.33,0.78,2.39,96777.03,0.0,0.0,0.0,7.972772611122718,0.0
6/2/2024 8:00,"(42.101167, -76.832994)",13.56,0.72,2.37,96791.63,0.0,0.0,0.0,8.45483338196028,0.0
6/2/2024 9:00,"(42.101167, -76.832994)",16.54,0.63,1.92,96792.91,0.0,0.0,0.0,8.87056915414719,0.0
6/2/2024 10:00,"(42.101167, -76.832994)",19.41,0.57,2.27,96720.93,0.0,0.0,0.0,9.52016444973539,0.0
6/2/2024 11:00,"(42.101167, -76.832994)",20.46,0.57,2.47,96711.72,0.02,0.0,0.0,10.124011260514026,0.02
6/2/2024 12:00,"(42.101167, -76.832994)",21.88,0.54,2.54,96671.82,0.01,0.0,0.0,10.414479119304007,0.01
6/2/2024 13:00,"(42.101167, -76.832994)",23.01,0.52,2.44,96633.33,0.0,0.0,0.0,10.700943924595222,0.0
6/2/2024 14:00,"(42.101167, -76.832994)",23.76,0.51,2.53,96575.1,0.02,0.0,0.0,10.953437866974657,0.02
6/2/2024 15:00,"(42.101167, -76.832994)",23.61,0.53,2.84,96528.77,0.02,0.0,0.0,11.286327099053342,0.02
6/2/2024 16:00,"(42.101167, -76.832994)",22.65,0.59,2.66,96524.25,0.0,0.0,0.0,11.89383842264254,0.0
6/2/2024 17:00,"(42.101167, -76.832994)",21.99,0.62,2.31,96502.09,0.0,0.0,0.0,12.03342572378451,0.0
6/2/2024 18:00,"(42.101167, -76.832994)",21.52,0.64,1.46,96492.96,0.03,0.0,0.0,12.089114797626742,0.03
6/2/2024 19:00,"(42.101167, -76.832994)",20.52,0.69,1.16,96538.0,0.16,0.0,0.0,12.298334145507587,0.16
6/2/2024 20:00,"(42.101167, -76.832994)",19.57,0.74,1.39,96538.13,0.29,0.0,0.0,12.476294177810653,0.29
6/2/2024 21:00,"(42.101167, -76.832994)",18.74,0.8,1.31,96539.58,0.31,0.0,0.0,12.843983109897513,0.31
6/2/2024 22:00,"(42.101167, -76.832994)",17.99,0.84,1.22,96562.88,0.09,0.0,0.0,12.899434352934023,0.09
6/2/2024 23:00,"(42.101167, -76.832994)",17.74,0.87,1.12,96534.87,0.01,0.0,0.0,13.162709754857044,0.01
6/3/2024 0:00,"(42.101167, -76.832994)",17.48,0.89,0.87,96495.54,0.0,0.0,0.0,13.258009634570156,0.0
6/3/2024 1:00,"(42.101167, -76.832994)",16.9,0.91,0.92,96496.64,0.0,0.0,0.0,13.093282531473601,0.0
6/3/2024 2:00,"(42.101167, -76.832994)",16.49,0.92,1.39,96493.43,0.08,0.0,0.0,12.91491575232833,0.08
6/3/2024 3:00,"(42.101167, -76.832994)",16.3,0.93,1.37,96490.43,0.03,0.0,0.0,12.906681163873351,0.03
6/3/2024 4:00,"(42.101167, -76.832994)",16.06,0.94,1.56,96499.96,0.09,0.0,0.0,12.857839959568903,0.09
6/3/2024 5:00,"(42.101167, -76.832994)",15.99,0.94,1.58,96481.29,0.05,0.0,0.0,12.803558993914024,0.05
6/3/2024 6:00,"(42.101167, -76.832994)",16.47,0.92,0.91,96552.02,0.0,0.0,0.0,12.899371643987841,0.0
6/3/2024 7:00,"(42.101167, -76.832994)",16.45,0.93,1.11,96557.44,0.0,0.0,0.0,13.023885521951359,0.0
6/3/2024 8:00,"(42.101167, -76.832994)",16.67,0.9,0.96,96575.76,0.01,0.0,0.0,12.771728157821165,0.01
6/3/2024 9:00,"(42.101167, -76.832994)",17.61,0.88,1.26,96611.49,0.1,0.0,0.0,13.211180303881825,0.1
6/3/2024 10:00,"(42.101167, -76.832994)",19.13,0.78,0.92,96614.64,0.17,0.0,0.0,12.814571899878551,0.17
6/3/2024 11:00,"(42.101167, -76.832994)",18.98,0.8,1.11,96619.32,0.21,0.0,0.0,13.02738111874889,0.21
6/3/2024 12:00,"(42.101167, -76.832994)",20.06,0.74,1.52,96622.02,0.12,0.0,0.0,12.839890693256026,0.12
6/3/2024 13:00,"(42.101167, -76.832994)",21.73,0.69,1.3,96559.66,0.21,0.0,0.0,13.19270427174397,0.21
6/3/2024 14:00,"(42.101167, -76.832994)",22.48,0.65,0.84,96479.36,0.18,0.0,0.0,12.976235457729079,0.18
6/3/2024 15:00,"(42.101167, -76.832994)",23.12,0.61,0.75,96455.6,0.09,0.0,0.0,12.632166157777899,0.09
6/3/2024 16:00,"(42.101167, -76.832994)",23.93,0.58,0.95,96435.4,0.16,0.0,0.0,12.577672389622021,0.16
6/3/2024 17:00,"(42.101167, -76.832994)",24.31,0.57,1.1,96374.54,0.09,0.0,0.0,12.629821490600952,0.09
6/3/2024 18:00,"(42.101167, -76.832994)",23.68,0.61,0.79,96354.34,0.04,0.0,0.0,13.04173732391027,0.04
6/3/2024 19:00,"(42.101167, -76.832994)",23.34,0.64,1.26,96411.55,0.0,0.0,0.0,13.420829215235752,0.0
6/3/2024 20:00,"(42.101167, -76.832994)",22.44,0.7,1.35,96407.13,0.0,0.0,0.0,13.942356408076872,0.0
6/3/2024 21:00,"(42.101167, -76.832994)",21.24,0.72,1.74,96438.65,0.0,0.0,0.0,13.381548837401262,0.0
6/3/2024 22:00,"(42.101167, -76.832994)",20.42,0.77,1.64,96502.37,0.0,0.0,0.0,13.644421569008752,0.0
6/3/2024 23:00,"(42.101167, -76.832994)",19.4,0.81,1.13,96535.24,0.0,0.0,0.0,13.520699849817094,0.0
6/4/2024 0:00,"(42.101167, -76.832994)",18.81,0.83,0.75,96533.24,0.0,0.0,0.0,13.380888749804809,0.0
6/4/2024 1:00,"(42.101167, -76.832994)",17.19,0.9,0.51,96557.78,0.0,0.0,0.0,13.176468906666203,0.0
6/4/2024 2:00,"(42.101167, -76.832994)",16.37,0.93,0.46,96558.96,0.0,0.0,0.0,12.961262331494385,0.0
6/4/2024 3:00,"(42.101167, -76.832994)",15.56,0.95,0.84,96532.88,0.0,0.0,0.0,12.607161500784098,0.0
6/4/2024 4:00,"(42.101167, -76.832994)",14.92,0.94,1.71,96474.38,0.0,0.0,0.0,11.998207764354218,0.0
6/4/2024 5:00,"(42.101167, -76.832994)",14.3,0.94,1.68,96495.05,0.0,0.0,0.0,11.551961010790675,0.0
6/4/2024 6:00,"(42.101167, -76.832994)",15.13,0.94,1.8,96590.55,0.0,0.0,0.0,12.15270750704293,0.0
6/4/2024 7:00,"(42.101167, -76.832994)",16.0,0.93,1.65,96631.17,0.0,0.0,0.0,12.675010801665282,0.0
6/4/2024 8:00,"(42.101167, -76.832994)",17.96,0.88,0.88,96681.24,0.0,0.0,0.0,13.489594609732523,0.0
6/4/2024 9:00,"(42.101167, -76.832994)",20.33,0.77,1.16,96720.59,0.0,0.0,0.0,13.57293870902808,0.0
6/4/2024 10:00,"(42.101167, -76.832994)",23.54,0.64,1.65,96698.8,0.03,0.0,0.0,13.574596537004298,0.03
6/4/2024 11:00,"(42.101167, -76.832994)",24.6,0.61,1.83,96687.95,0.1,0.0,0.0,13.739437400264842,0.1
6/4/2024 12:00,"(42.101167, -76.832994)",25.9,0.54,2.0,96643.45,0.11,0.0,0.0,13.083885723003839,0.11
6/4/2024 13:00,"(42.101167, -76.832994)",26.83,0.49,2.06,96590.68,0.03,0.0,0.0,12.503217878931236,0.03
6/4/2024 14:00,"(42.101167, -76.832994)",27.27,0.47,2.21,96547.59,0.05,0.0,0.0,12.288634979605456,0.05
6/4/2024 15:00,"(42.101167, -76.832994)",27.38,0.47,2.29,96489.51,0.0,0.0,0.0,12.363543962953566,0.0
6/4/2024 16:00,"(42.101167, -76.832994)",27.01,0.51,2.36,96478.12,0.0,0.0,0.0,13.144028943864214,0.0
6/4/2024 17:00,"(42.101167, -76.832994)",27.17,0.46,2.37,96435.72,0.0,0.0,0.0,11.960855774157887,0.0
6/4/2024 18:00,"(42.101167, -76.832994)",26.39,0.5,2.59,96383.71,0.0,0.0,0.0,12.450281017447686,0.0
6/4/2024 19:00,"(42.101167, -76.832994)",25.86,0.5,3.18,96378.69,0.0,0.0,0.0,12.087661922389028,0.0
6/4/2024 20:00,"(42.101167, -76.832994)",24.87,0.55,3.49,96365.29,0.0,0.0,0.0,12.578045249580297,0.0
6/4/2024 21:00,"(42.101167, -76.832994)",22.91,0.61,3.43,96400.8,0.0,0.0,0.0,12.481459765632344,0.0
6/4/2024 22:00,"(42.101167, -76.832994)",21.17,0.66,3.43,96433.27,0.0,0.0,0.0,12.21673664261833,0.0
6/4/2024 23:00,"(42.101167, -76.832994)",20.5,0.68,3.16,96410.9,0.0,0.0,0.0,12.105973344384747,0.0
6/5/2024 0:00,"(42.101167, -76.832994)",20.02,0.69,3.27,96420.41,0.0,0.0,0.0,11.944338421413567,0.0
6/5/2024 1:00,"(42.101167, -76.832994)",18.96,0.71,3.69,96395.93,0.0,0.0,0.0,11.548160630718261,0.0
6/5/2024 2:00,"(42.101167, -76.832994)",18.37,0.75,3.64,96380.01,0.0,0.0,0.0,11.780266930360686,0.0
6/5/2024 3:00,"(42.101167, -76.832994)",17.75,0.8,3.27,96376.18,0.0,0.0,0.0,12.110857713264535,0.0
6/5/2024 4:00,"(42.101167, -76.832994)",17.25,0.85,2.87,96338.32,0.0,0.0,0.0,12.489216700858378,0.0
6/5/2024 5:00,"(42.101167, -76.832994)",17.11,0.86,2.79,96304.05,0.0,0.0,0.0,12.530665993898142,0.0
6/5/2024 6:00,"(42.101167, -76.832994)",17.68,0.88,2.72,96314.69,0.0,0.0,0.0,13.26646187077134,0.0
6/5/2024 7:00,"(42.101167, -76.832994)",18.52,0.86,2.75,96306.23,0.0,0.0,0.0,13.628670943061824,0.0
6/5/2024 8:00,"(42.101167, -76.832994)",19.95,0.82,3.26,96276.49,0.0,0.0,0.0,14.136667208424036,0.0
6/5/2024 9:00,"(42.101167, -76.832994)",21.26,0.77,3.33,96239.42,0.0,0.0,0.0,14.327421413772571,0.0
6/5/2024 10:00,"(42.101167, -76.832994)",23.01,0.71,4.09,96209.3,0.0,0.0,0.0,14.61090420473578,0.0
6/5/2024 11:00,"(42.101167, -76.832994)",23.99,0.69,4.69,96178.09,0.0,0.0,0.0,15.014109082703072,0.0
6/5/2024 12:00,"(42.101167, -76.832994)",24.51,0.7,4.51,96142.83,0.0,0.0,0.0,15.686651412298112,0.0
6/5/2024 13:00,"(42.101167, -76.832994)",25.38,0.69,4.39,96113.74,0.05,0.0,0.0,16.238630326734167,0.05
6/5/2024 14:00,"(42.101167, -76.832994)",25.6,0.69,4.31,96043.7,0.04,0.0,0.0,16.440102571919265,0.04
6/5/2024 15:00,"(42.101167, -76.832994)",26.02,0.66,3.85,95973.39,0.15,0.0,0.0,16.098934609678704,0.15
6/5/2024 16:00,"(42.101167, -76.832994)",25.63,0.65,3.54,95898.74,0.01,0.0,0.0,15.513090159724428,0.01
6/5/2024 17:00,"(42.101167, -76.832994)",26.56,0.59,3.44,95799.47,0.31,0.0,0.0,14.830894849254431,0.31
6/5/2024 18:00,"(42.101167, -76.832994)",24.26,0.72,2.29,95796.95,0.06,0.0,0.0,15.908388224351253,0.06
6/5/2024 19:00,"(42.101167, -76.832994)",23.78,0.73,2.84,95715.47,0.22,0.0,0.0,15.69627514619607,0.22
6/5/2024 20:00,"(42.101167, -76.832994)",22.72,0.8,2.98,95726.93,0.71,0.0,0.0,16.192057491682263,0.71
6/5/2024 21:00,"(42.101167, -76.832994)",21.65,0.86,2.93,95716.56,1.06,0.0,0.0,16.367280517841916,1.06
6/5/2024 22:00,"(42.101167, -76.832994)",20.7,0.9,3.04,95711.16,1.09,0.0,0.0,16.210397086230063,1.09
6/5/2024 23:00,"(42.101167, -76.832994)",20.42,0.91,2.62,95691.54,0.66,0.0,0.0,16.12522549064671,0.66
6/6/2024 0:00,"(42.101167, -76.832994)",20.28,0.91,2.61,95626.44,0.48,0.0,0.0,15.99397789064482,0.48
6/6/2024 1:00,"(42.101167, -76.832994)",20.0,0.92,2.13,95593.49,0.21,0.0,0.0,15.907151447342965,0.21
6/6/2024 2:00,"(42.101167, -76.832994)",19.77,0.93,2.24,95501.85,0.07,0.0,0.0,15.86480954270881,0.07
6/6/2024 3:00,"(42.101167, -76.832994)",19.67,0.93,2.28,95423.58,0.16,0.0,0.0,15.772003585304475,0.16
6/6/2024 4:00,"(42.101167, -76.832994)",19.54,0.94,2.35,95346.64,0.71,0.0,0.0,15.820358960092978,0.71
6/6/2024 5:00,"(42.101167, -76.832994)",19.4,0.95,2.18,95310.19,0.02,0.0,0.0,15.857610934970664,0.02
6/6/2024 6:00,"(42.101167, -76.832994)",19.39,0.95,2.43,95213.22,0.0,0.0,0.0,15.848285861091066,0.0
6/6/2024 7:00,"(42.101167, -76.832994)",19.67,0.94,2.88,95245.87,0.01,0.0,0.0,15.941595021705599,0.01
6/6/2024 8:00,"(42.101167, -76.832994)",19.96,0.93,3.07,95203.91,0.03,0.0,0.0,16.042441063254547,0.03
6/6/2024 9:00,"(42.101167, -76.832994)",20.67,0.89,2.97,95144.39,0.12,0.0,0.0,16.00230755279026,0.12
6/6/2024 10:00,"(42.101167, -76.832994)",21.58,0.87,3.46,95109.72,0.36,0.0,0.0,16.490751660479255,0.36
6/6/2024 11:00,"(42.101167, -76.832994)",20.9,0.91,3.41,95090.94,1.29,0.0,0.0,16.58230217329988,1.29
6/6/2024 12:00,"(42.101167, -76.832994)",20.85,0.92,2.84,95083.85,1.62,0.0,0.0,16.715868343118775,1.62
6/6/2024 13:00,"(42.101167, -76.832994)",20.94,0.93,2.75,95070.73,0.71,0.0,0.0,16.986185940244535,0.71
6/6/2024 14:00,"(42.101167, -76.832994)",21.37,0.9,3.3,95065.95,0.87,0.0,0.0,16.85338780878388,0.87
6/6/2024 15:00,"(42.101167, -76.832994)",21.57,0.88,4.11,95046.86,0.05,0.0,0.0,16.67066057477826,0.05
6/6/2024 16:00,"(42.101167, -76.832994)",23.38,0.71,4.19,95071.83,0.03,0.0,0.0,14.922715745937143,0.03
6/6/2024 17:00,"(42.101167, -76.832994)",24.97,0.56,3.72,95083.35,0.0,0.0,0.0,12.879042428281853,0.0
6/6/2024 18:00,"(42.101167, -76.832994)",24.12,0.51,3.03,95091.16,0.0,0.0,0.0,11.179464471414507,0.0
6/6/2024 19:00,"(42.101167, -76.832994)",23.53,0.53,2.86,95149.56,0.01,0.0,0.0,11.235066120022664,0.01
6/6/2024 20:00,"(42.101167, -76.832994)",22.28,0.56,2.43,95166.09,0.0,0.0,0.0,11.051828139856445,0.0
6/6/2024 21:00,"(42.101167, -76.832994)",20.65,0.6,2.27,95263.65,0.0,0.0,0.0,10.775515706739581,0.0
6/6/2024 22:00,"(42.101167, -76.832994)",19.08,0.64,2.21,95334.52,0.0,0.0,0.0,10.483569933825027,0.0
6/6/2024 23:00,"(42.101167, -76.832994)",18.36,0.66,2.76,95341.37,0.0,0.0,0.0,10.360488329563514,0.0
6/7/2024 0:00,"(42.101167, -76.832994)",16.9,0.73,2.78,95360.96,0.0,0.0,0.0,10.503402470302998,0.0
6/7/2024 1:00,"(42.101167, -76.832994)",15.48,0.79,2.67,95348.16,0.0,0.0,0.0,10.433077583144671,0.0
6/7/2024 2:00,"(42.101167, -76.832994)",14.65,0.84,2.41,95316.56,0.0,0.0,0.0,10.546530757449414,0.0
6/7/2024 3:00,"(42.101167, -76.832994)",14.14,0.86,2.36,95304.17,0.0,0.0,0.0,10.465619655490572,0.0
6/7/2024 4:00,"(42.101167, -76.832994)",13.61,0.87,2.52,95271.63,0.0,0.0,0.0,10.247793651008994,0.0
6/7/2024 5:00,"(42.101167, -76.832994)",13.78,0.87,2.98,95269.34,0.0,0.0,0.0,10.355651261566091,0.0
6/7/2024 6:00,"(42.101167, -76.832994)",14.74,0.87,2.75,95293.29,0.0,0.0,0.0,10.98341497603304,0.0
6/7/2024 7:00,"(42.101167, -76.832994)",15.26,0.86,2.42,95277.12,0.0,0.0,0.0,11.206726021567496,0.0
6/7/2024 8:00,"(42.101167, -76.832994)",16.29,0.81,1.96,95303.37,0.0,0.0,0.0,11.234525920325025,0.0
6/7/2024 9:00,"(42.101167, -76.832994)",18.17,0.59,2.6,95578.07,0.03,0.0,0.0,9.15778410817337,0.03
6/7/2024 10:00,"(42.101167, -76.832994)",19.1,0.57,4.71,95562.19,0.19,0.0,0.0,9.347947195957923,0.19
6/7/2024 11:00,"(42.101167, -76.832994)",18.16,0.64,4.72,95565.01,0.29,0.0,0.0,9.927968080742438,0.29
6/7/2024 12:00,"(42.101167, -76.832994)",19.2,0.6,5.26,95576.98,0.34,0.0,0.0,9.89811002943666,0.34
6/7/2024 13:00,"(42.101167, -76.832994)",19.96,0.56,5.87,95558.24,0.31,0.0,0.0,9.65996451120704,0.31
6/7/2024 14:00,"(42.101167, -76.832994)",18.31,0.68,5.82,95579.62,0.55,0.0,0.0,10.642827061976517,0.55
6/7/2024 15:00,"(42.101167, -76.832994)",16.79,0.84,5.17,95662.58,0.94,0.0,0.0,12.006550705455062,0.94
6/7/2024 16:00,"(42.101167, -76.832994)",16.57,0.84,5.08,95701.59,0.71,0.0,0.0,11.848797615777826,0.71
6/7/2024 17:00,"(42.101167, -76.832994)",16.31,0.82,4.86,95741.82,0.46,0.0,0.0,11.386948747675202,0.46
6/7/2024 18:00,"(42.101167, -76.832994)",15.58,0.8,4.59,95762.1,0.33,0.0,0.0,10.629444687191349,0.33
6/7/2024 19:00,"(42.101167, -76.832994)",15.26,0.77,4.29,95780.26,0.14,0.0,0.0,10.033929112333691,0.14
6/7/2024 20:00,"(42.101167, -76.832994)",14.32,0.76,4.19,95804.71,0.02,0.0,0.0,9.35133757268644,0.02
6/7/2024 21:00,"(42.101167, -76.832994)",12.99,0.75,2.94,95897.38,0.0,0.0,0.0,8.502285212685344,0.0
6/7/2024 22:00,"(42.101167, -76.832994)",10.9,0.83,1.7,95963.66,0.0,0.0,0.0,8.257467727397378,0.0
6/7/2024 23:00,"(42.101167, -76.832994)",9.95,0.86,1.6,95974.87,0.0,0.0,0.0,8.056929563816917,0.0
6/8/2024 0:00,"(42.101167, -76.832994)",9.42,0.88,1.81,95969.92,0.0,0.0,0.0,7.97086221190794,0.0
6/8/2024 1:00,"(42.101167, -76.832994)",8.87,0.91,1.75,95948.64,0.0,0.0,0.0,7.957837426799996,0.0
6/8/2024 2:00,"(42.101167, -76.832994)",8.48,0.94,1.78,95931.12,0.0,0.0,0.0,8.017010117959957,0.0
6/8/2024 3:00,"(42.101167, -76.832994)",8.35,0.96,1.96,95967.48,0.0,0.0,0.0,8.119419916609623,0.0
6/8/2024 4:00,"(42.101167, -76.832994)",8.27,0.97,2.03,95962.6,0.0,0.0,0.0,8.161861537872287,0.0
6/8/2024 5:00,"(42.101167, -76.832994)",8.3,0.97,2.19,95961.49,0.0,0.0,0.0,8.177640252869873,0.0
6/8/2024 6:00,"(42.101167, -76.832994)",8.49,0.97,2.35,96017.48,0.0,0.0,0.0,8.27819102879349,0.0
6/8/2024 7:00,"(42.101167, -76.832994)",10.84,0.89,3.66,96098.51,0.0,0.0,0.0,8.820973831189745,0.0
6/8/2024 8:00,"(42.101167, -76.832994)",13.55,0.74,5.17,96165.15,0.0,0.0,0.0,8.684333618043798,0.0
6/8/2024 9:00,"(42.101167, -76.832994)",14.47,0.69,5.2,96182.47,0.02,0.0,0.0,8.568377553813205,0.02
6/8/2024 10:00,"(42.101167, -76.832994)",15.2,0.7,4.88,96210.63,0.04,0.0,0.0,9.088523955148707,0.04
6/8/2024 11:00,"(42.101167, -76.832994)",17.46,0.61,5.88,96198.88,0.08,0.0,0.0,9.076100337697243,0.08
6/8/2024 12:00,"(42.101167, -76.832994)",18.51,0.58,5.59,96164.4,0.08,0.0,0.0,9.18598602006782,0.08
6/8/2024 13:00,"(42.101167, -76.832994)",18.96,0.57,5.3,96158.15,0.05,0.0,0.0,9.271058534520295,0.05
6/8/2024 14:00,"(42.101167, -76.832994)",20.54,0.47,6.09,96119.23,0.0,0.0,0.0,8.386898216068884,0.0
6/8/2024 15:00,"(42.101167, -76.832994)",20.9,0.46,6.38,96186.33,0.0,0.0,0.0,8.382262637052685,0.0
6/8/2024 16:00,"(42.101167, -76.832994)",20.78,0.47,6.0,96198.13,0.0,0.0,0.0,8.504932729890179,0.0
6/8/2024 17:00,"(42.101167, -76.832994)",20.34,0.49,5.63,96193.62,0.0,0.0,0.0,8.642368793752011,0.0
6/8/2024 18:00,"(42.101167, -76.832994)",19.59,0.54,4.41,96164.12,0.0,0.0,0.0,9.115023987216142,0.0
6/8/2024 19:00,"(42.101167, -76.832994)",18.24,0.62,3.41,96174.52,0.0,0.0,0.0,9.66352194256474,0.0
6/8/2024 20:00,"(42.101167, -76.832994)",15.83,0.73,2.58,96207.81,0.01,0.0,0.0,9.847415179411609,0.01
6/8/2024 21:00,"(42.101167, -76.832994)",13.28,0.82,1.78,96214.75,0.01,0.0,0.0,9.46412340461745,0.01
6/8/2024 22:00,"(42.101167, -76.832994)",12.63,0.84,1.02,96245.74,0.0,0.0,0.0,9.312259236259637,0.0
6/8/2024 23:00,"(42.101167, -76.832994)",12.09,0.87,0.69,96148.22,0.0,0.0,0.0,9.325960878914973,0.0
6/9/2024 0:00,"(42.101167, -76.832994)",10.81,0.93,0.89,96099.5,0.0,0.0,0.0,9.200004503490856,0.0
6/9/2024 1:00,"(42.101167, -76.832994)",12.14,0.86,1.65,95974.24,0.0,0.0,0.0,9.247566802180401,0.0
6/9/2024 2:00,"(42.101167, -76.832994)",12.68,0.82,1.49,95841.78,0.02,0.0,0.0,9.118814021937146,0.02
6/9/2024 3:00,"(42.101167, -76.832994)",12.68,0.83,1.85,95666.1,0.02,0.0,0.0,9.23001907098516,0.02
6/9/2024 4:00,"(42.101167, -76.832994)",12.43,0.85,1.92,95519.01,0.35,0.0,0.0,9.306668760557542,0.35
6/9/2024 5:00,"(42.101167, -76.832994)",11.79,0.96,2.34,95498.87,2.05,0.0,0.0,10.099637980212595,2.05
6/9/2024 6:00,"(42.101167, -76.832994)",11.23,0.99,4.07,95622.32,2.27,0.0,0.0,10.055925216241588,2.27
6/9/2024 7:00,"(42.101167, -76.832994)",10.56,0.98,2.28,95664.77,2.31,0.0,0.0,9.542848048688983,2.31
6/9/2024 8:00,"(42.101167, -76.832994)",11.05,0.98,0.82,95741.64,0.53,0.0,0.0,9.842309151653021,0.53
6/9/2024 9:00,"(42.101167, -76.832994)",12.41,0.95,1.84,95769.67,0.06,0.0,0.0,10.388633088099496,0.06
6/9/2024 10:00,"(42.101167, -76.832994)",12.52,0.95,2.86,95751.42,0.18,0.0,0.0,10.45996483669334,0.18
6/9/2024 11:00,"(42.101167, -76.832994)",16.07,0.73,4.94,95676.13,0.2,0.0,0.0,9.991378472612919,0.2
6/9/2024 12:00,"(42.101167, -76.832994)",18.66,0.5,5.97,95670.56,0.09,0.0,0.0,7.989592836442505,0.09
6/9/2024 13:00,"(42.101167, -76.832994)",19.51,0.47,5.84,95653.03,0.01,0.0,0.0,7.896247404579511,0.01
6/9/2024 14:00,"(42.101167, -76.832994)",19.74,0.46,6.33,95630.17,0.0,0.0,0.0,7.833314454443616,0.0
6/9/2024 15:00,"(42.101167, -76.832994)",19.86,0.44,5.31,95616.68,0.0,0.0,0.0,7.545639413835281,0.0
6/9/2024 16:00,"(42.101167, -76.832994)",19.87,0.46,5.74,95619.01,0.03,0.0,0.0,7.893247258980384,0.03
6/9/2024 17:00,"(42.101167, -76.832994)",19.1,0.49,5.19,95612.81,0.05,0.0,0.0,8.035954607051547,0.05
6/9/2024 18:00,"(42.101167, -76.832994)",18.44,0.54,4.75,95576.21,0.09,0.0,0.0,8.5170675686327,0.09
6/9/2024 19:00,"(42.101167, -76.832994)",14.42,0.8,5.33,95637.18,0.57,0.0,0.0,9.903991139053375,0.57
6/9/2024 20:00,"(42.101167, -76.832994)",11.96,0.96,3.32,95716.28,1.02,0.0,0.0,10.207532891500732,1.02
6/9/2024 21:00,"(42.101167, -76.832994)",11.92,0.94,2.6,95703.3,0.15,0.0,0.0,9.969929956977277,0.15
6/9/2024 22:00,"(42.101167, -76.832994)",11.79,0.95,2.81,95728.91,0.09,0.0,0.0,9.994433417918712,0.09
6/9/2024 23:00,"(42.101167, -76.832994)",11.39,0.94,2.99,95684.65,0.03,0.0,0.0,9.644468933996194,0.03
